stem,gt_h,gt_w,lr_h,lr_w,gt_lag1_corr,degenerate
000000,256,256,128,128,0.992450,0
000001,256,256,128,128,0.989193,0
000002,256,256,128,128,0.988341,0
000003,256,256,128,128,0.987993,0
000004,256,256,128,128,0.881835,0
000005,256,256,128,128,0.814592,0
000006,256,256,128,128,0.820963,0
000007,256,256,128,128,0.818561,0
000008,256,256,128,128,0.904962,0
000009,256,256,128,128,0.952994,0
000010,256,256,128,128,0.962728,0
000011,256,256,128,128,0.949525,0
000012,256,256,128,128,0.991067,0
000013,256,256,128,128,0.946117,0
000014,256,256,128,128,0.952310,0
000015,256,256,128,128,0.947075,0
000016,256,256,128,128,0.970205,0
000017,256,256,128,128,0.906638,0
000018,256,256,128,128,0.907212,0
000019,256,256,128,128,0.904660,0
000020,256,256,128,128,0.996009,0
000021,256,256,128,128,0.973876,0
000022,256,256,128,128,0.972401,0
000023,256,256,128,128,0.972401,0
000024,256,256,128,128,0.757197,0
000025,256,256,128,128,0.819332,0
000026,256,256,128,128,0.818800,0
000027,256,256,128,128,0.818779,0
000028,256,256,128,128,0.979269,0
000029,256,256,128,128,0.954268,0
000030,256,256,128,128,0.950377,0
000031,256,256,128,128,0.954290,0
000032,256,256,128,128,0.989228,0
000033,256,256,128,128,0.975565,0
000034,256,256,128,128,0.984067,0
000035,256,256,128,128,0.976209,0
000036,256,256,128,128,0.968423,0
000037,256,256,128,128,0.985874,0
000038,256,256,128,128,0.984219,0
000039,256,256,128,128,0.985346,0
000040,256,256,128,128,0.940149,0
000041,256,256,128,128,0.961687,0
000042,256,256,128,128,0.963240,0
000043,256,256,128,128,0.965125,0
000044,256,256,128,128,0.879806,0
000045,256,256,128,128,0.948874,0
000046,256,256,128,128,0.950240,0
000047,256,256,128,128,0.939812,0
000048,256,256,128,128,0.983863,0
000049,256,256,128,128,0.049985,1
000050,256,256,128,128,0.048198,1
000051,256,256,128,128,0.046920,1
000052,256,256,128,128,0.865479,0
000053,256,256,128,128,0.947377,0
000054,256,256,128,128,0.944715,0
000055,256,256,128,128,0.951982,0
000056,256,256,128,128,0.965511,0
000057,256,256,128,128,0.986593,0
000058,256,256,128,128,0.987134,0
000059,256,256,128,128,0.986454,0
000060,256,256,128,128,0.978119,0
000061,256,256,128,128,0.978810,0
000062,256,256,128,128,0.978685,0
000063,256,256,128,128,0.979252,0
000064,256,256,128,128,0.986827,0
000065,256,256,128,128,0.954764,0
000066,256,256,128,128,0.955584,0
000067,256,256,128,128,0.944893,0
000068,256,256,128,128,0.983204,0
000069,256,256,128,128,0.989758,0
000070,256,256,128,128,0.988077,0
000071,256,256,128,128,0.989775,0
000072,256,256,128,128,0.968261,0
000073,256,256,128,128,0.970920,0
000074,256,256,128,128,0.967292,0
000075,256,256,128,128,0.967070,0
000076,256,256,128,128,0.987785,0
000077,256,256,128,128,0.977898,0
000078,256,256,128,128,0.949875,0
000079,256,256,128,128,0.971080,0
000080,256,256,128,128,0.907356,0
000081,256,256,128,128,0.957575,0
000082,256,256,128,128,0.963207,0
000083,256,256,128,128,0.963896,0
000084,256,256,128,128,0.899489,0
000085,256,256,128,128,0.879808,0
000086,256,256,128,128,0.849545,0
000087,256,256,128,128,0.860938,0
000088,256,256,128,128,0.999279,0
000089,256,256,128,128,0.975482,0
000090,256,256,128,128,0.974673,0
000091,256,256,128,128,0.974817,0
000092,256,256,128,128,0.930816,0
000093,256,256,128,128,0.981018,0
000094,256,256,128,128,0.978539,0
000095,256,256,128,128,0.981001,0
000096,256,256,128,128,0.878227,0
000097,256,256,128,128,0.969349,0
000098,256,256,128,128,0.968451,0
000099,256,256,128,128,0.969002,0
000100,256,256,128,128,0.989241,0
000101,256,256,128,128,0.994424,0
000102,256,256,128,128,0.994048,0
000103,256,256,128,128,0.994343,0
000104,256,256,128,128,0.982852,0
000105,256,256,128,128,0.995582,0
000106,256,256,128,128,0.992273,0
000107,256,256,128,128,0.994302,0
000108,256,256,128,128,0.678855,0
000109,256,256,128,128,0.900309,0
000110,256,256,128,128,0.866030,0
000111,256,256,128,128,0.863328,0
000112,256,256,128,128,0.950822,0
000113,256,256,128,128,0.986983,0
000114,256,256,128,128,0.986742,0
000115,256,256,128,128,0.955881,0
000116,256,256,128,128,0.945729,0
000117,256,256,128,128,0.954626,0
000118,256,256,128,128,0.954587,0
000119,256,256,128,128,0.951562,0
000120,256,256,128,128,0.988564,0
000121,256,256,128,128,0.989531,0
000122,256,256,128,128,0.990956,0
000123,256,256,128,128,0.988483,0
000124,256,256,128,128,0.908463,0
000125,256,256,128,128,0.963356,0
000126,256,256,128,128,0.961820,0
000127,256,256,128,128,0.959082,0
000128,256,256,128,128,0.993098,0
000129,256,256,128,128,0.830659,0
000130,256,256,128,128,0.832500,0
000131,256,256,128,128,0.834258,0
000132,256,256,128,128,0.913254,0
000133,256,256,128,128,0.661891,0
000134,256,256,128,128,0.411767,1
000135,256,256,128,128,0.640938,0
000136,256,256,128,128,0.979743,0
000137,256,256,128,128,0.861046,0
000138,256,256,128,128,0.863011,0
000139,256,256,128,128,0.861155,0
000140,256,256,128,128,0.932999,0
000141,256,256,128,128,0.937456,0
000142,256,256,128,128,0.939328,0
000143,256,256,128,128,0.936107,0
000144,256,256,128,128,0.949872,0
000145,256,256,128,128,0.984027,0
000146,256,256,128,128,0.984357,0
000147,256,256,128,128,0.984077,0
000148,256,256,128,128,0.959056,0
000149,256,256,128,128,0.982798,0
000150,256,256,128,128,0.983162,0
000151,256,256,128,128,0.982756,0
000152,256,256,128,128,0.912296,0
000153,256,256,128,128,0.983020,0
000154,256,256,128,128,0.986024,0
000155,256,256,128,128,0.987674,0
000156,256,256,128,128,0.963854,0
000157,256,256,128,128,0.922547,0
000158,256,256,128,128,0.929345,0
000159,256,256,128,128,0.927966,0
000160,256,256,128,128,0.964638,0
000161,256,256,128,128,0.981319,0
000162,256,256,128,128,0.981800,0
000163,256,256,128,128,0.980635,0
000164,256,256,128,128,0.967493,0
000165,256,256,128,128,0.987213,0
000166,256,256,128,128,0.986443,0
000167,256,256,128,128,0.986781,0
000168,256,256,128,128,0.944103,0
000169,256,256,128,128,0.991976,0
000170,256,256,128,128,0.993271,0
000171,256,256,128,128,0.992560,0
000172,256,256,128,128,0.844662,0
000173,256,256,128,128,0.882124,0
000174,256,256,128,128,0.869299,0
000175,256,256,128,128,0.869202,0
000176,256,256,128,128,0.829676,0
000177,256,256,128,128,0.928783,0
000178,256,256,128,128,0.929011,0
000179,256,256,128,128,0.932175,0
000180,256,256,128,128,0.989774,0
000181,256,256,128,128,0.968985,0
000182,256,256,128,128,0.959172,0
000183,256,256,128,128,0.958734,0
000184,256,256,128,128,0.975428,0
000185,256,256,128,128,0.986418,0
000186,256,256,128,128,0.986908,0
000187,256,256,128,128,0.986421,0
000188,256,256,128,128,0.924302,0
000189,256,256,128,128,0.943091,0
000190,256,256,128,128,0.947010,0
000191,256,256,128,128,0.941435,0
000192,256,256,128,128,0.711604,0
000193,256,256,128,128,0.974760,0
000194,256,256,128,128,0.975644,0
000195,256,256,128,128,0.975767,0
000196,256,256,128,128,0.863854,0
000197,256,256,128,128,0.973221,0
000198,256,256,128,128,0.970721,0
000199,256,256,128,128,0.973226,0
000200,256,256,128,128,0.925145,0
000201,256,256,128,128,0.996404,0
000202,256,256,128,128,0.996817,0
000203,256,256,128,128,0.996525,0
000204,256,256,128,128,0.922035,0
000205,256,256,128,128,0.892460,0
000206,256,256,128,128,0.847909,0
000207,256,256,128,128,0.866541,0
000208,256,256,128,128,0.991022,0
000209,256,256,128,128,0.994361,0
000210,256,256,128,128,0.993840,0
000211,256,256,128,128,0.990823,0
000212,256,256,128,128,0.963672,0
000213,256,256,128,128,0.997357,0
000214,256,256,128,128,0.998224,0
000215,256,256,128,128,0.997449,0
000216,256,256,128,128,0.915260,0
000217,256,256,128,128,0.992297,0
000218,256,256,128,128,0.996020,0
000219,256,256,128,128,0.996268,0
000220,256,256,128,128,0.984557,0
000221,256,256,128,128,0.956668,0
000222,256,256,128,128,0.964885,0
000223,256,256,128,128,0.923324,0
000224,256,256,128,128,0.907106,0
000225,256,256,128,128,0.759612,0
000226,256,256,128,128,0.799796,0
000227,256,256,128,128,0.820378,0
000228,256,256,128,128,0.703428,0
000229,256,256,128,128,0.871741,0
000230,256,256,128,128,0.873234,0
000231,256,256,128,128,0.872545,0
000232,256,256,128,128,0.778530,0
000233,256,256,128,128,0.763416,0
000234,256,256,128,128,0.753106,0
000235,256,256,128,128,0.754190,0
000236,256,256,128,128,0.982327,0
000237,256,256,128,128,0.927316,0
000238,256,256,128,128,0.948281,0
000239,256,256,128,128,0.950120,0
000240,256,256,128,128,0.906863,0
000241,256,256,128,128,0.996422,0
000242,256,256,128,128,0.996426,0
000243,256,256,128,128,0.996426,0
000244,256,256,128,128,0.883556,0
000245,256,256,128,128,0.893996,0
000246,256,256,128,128,0.895214,0
000247,256,256,128,128,0.889366,0
000248,256,256,128,128,0.988797,0
000249,256,256,128,128,0.810566,0
000250,256,256,128,128,0.794028,0
000251,256,256,128,128,0.810600,0
000252,256,256,128,128,0.993153,0
000253,256,256,128,128,0.991676,0
000254,256,256,128,128,0.992725,0
000255,256,256,128,128,0.992996,0
000256,256,256,128,128,0.940357,0
000257,256,256,128,128,0.874423,0
000258,256,256,128,128,0.874438,0
000259,256,256,128,128,0.870785,0
000260,256,256,128,128,0.869128,0
000261,256,256,128,128,0.989777,0
000262,256,256,128,128,0.987362,0
000263,256,256,128,128,0.987668,0
000264,256,256,128,128,0.960238,0
000265,256,256,128,128,0.985277,0
000266,256,256,128,128,0.985678,0
000267,256,256,128,128,0.984854,0
000268,256,256,128,128,0.999344,0
000269,256,256,128,128,0.796750,0
000270,256,256,128,128,0.800070,0
000271,256,256,128,128,0.799716,0
000272,256,256,128,128,0.913562,0
000273,256,256,128,128,0.877386,0
000274,256,256,128,128,0.879998,0
000275,256,256,128,128,0.877758,0
000276,256,256,128,128,0.998737,0
000277,256,256,128,128,0.992727,0
000278,256,256,128,128,0.991654,0
000279,256,256,128,128,0.991827,0
000280,256,256,128,128,0.906317,0
000281,256,256,128,128,0.974330,0
000282,256,256,128,128,0.980748,0
000283,256,256,128,128,0.975294,0
000284,256,256,128,128,0.929702,0
000285,256,256,128,128,0.975233,0
000286,256,256,128,128,0.975296,0
000287,256,256,128,128,0.965072,0
000288,256,256,128,128,0.983869,0
000289,256,256,128,128,0.933371,0
000290,256,256,128,128,0.908593,0
000291,256,256,128,128,0.915741,0
000292,256,256,128,128,0.976213,0
000293,256,256,128,128,0.947376,0
000294,256,256,128,128,0.944345,0
000295,256,256,128,128,0.944068,0
000296,256,256,128,128,0.959994,0
000297,256,256,128,128,0.869266,0
000298,256,256,128,128,0.872028,0
000299,256,256,128,128,0.868028,0
000300,256,256,128,128,-0.001121,1
000301,256,256,128,128,0.977650,0
000302,256,256,128,128,0.984753,0
000303,256,256,128,128,0.985421,0
000304,256,256,128,128,0.971885,0
000305,256,256,128,128,0.978403,0
000306,256,256,128,128,0.976830,0
000307,256,256,128,128,0.976836,0
000308,256,256,128,128,0.998978,0
000309,256,256,128,128,0.881096,0
000310,256,256,128,128,0.881080,0
000311,256,256,128,128,0.881173,0
000312,256,256,128,128,0.880587,0
000313,256,256,128,128,0.998265,0
000314,256,256,128,128,0.997649,0
000315,256,256,128,128,0.998224,0
000316,256,256,128,128,0.751605,0
000317,256,256,128,128,0.953269,0
000318,256,256,128,128,0.954209,0
000319,256,256,128,128,0.950243,0
000320,256,256,128,128,0.919117,0
000321,256,256,128,128,0.984159,0
000322,256,256,128,128,0.981000,0
000323,256,256,128,128,0.982830,0
000324,256,256,128,128,0.956860,0
000325,256,256,128,128,0.954977,0
000326,256,256,128,128,0.944480,0
000327,256,256,128,128,0.944476,0
000328,256,256,128,128,0.989258,0
000329,256,256,128,128,0.935521,0
000330,256,256,128,128,0.935533,0
000331,256,256,128,128,0.930448,0
000332,256,256,128,128,0.991532,0
000333,256,256,128,128,0.936469,0
000334,256,256,128,128,0.934063,0
000335,256,256,128,128,0.934057,0
000336,256,256,128,128,0.984469,0
000337,256,256,128,128,0.992054,0
000338,256,256,128,128,0.992457,0
000339,256,256,128,128,0.990351,0
000340,256,256,128,128,0.981375,0
000341,256,256,128,128,0.996599,0
000342,256,256,128,128,0.996611,0
000343,256,256,128,128,0.996892,0
000344,256,256,128,128,0.986136,0
000345,256,256,128,128,0.986308,0
000346,256,256,128,128,0.985127,0
000347,256,256,128,128,0.985119,0
000348,256,256,128,128,0.975237,0
000349,256,256,128,128,0.961422,0
000350,256,256,128,128,0.956962,0
000351,256,256,128,128,0.944816,0
000352,256,256,128,128,0.003360,1
000353,256,256,128,128,-0.007168,1
000354,256,256,128,128,0.001845,1
000355,256,256,128,128,0.001717,1
000356,256,256,128,128,0.940657,0
000357,256,256,128,128,0.953173,0
000358,256,256,128,128,0.942151,0
000359,256,256,128,128,0.947281,0
000360,256,256,128,128,0.908406,0
000361,256,256,128,128,0.399901,1
000362,256,256,128,128,0.448205,1
000363,256,256,128,128,0.580355,0
000364,256,256,128,128,0.952116,0
000365,256,256,128,128,0.940441,0
000366,256,256,128,128,0.948091,0
000367,256,256,128,128,0.941201,0
000368,256,256,128,128,0.974906,0
000369,256,256,128,128,0.828830,0
000370,256,256,128,128,0.798233,0
000371,256,256,128,128,0.820694,0
000372,256,256,128,128,0.984679,0
000373,256,256,128,128,0.948070,0
000374,256,256,128,128,0.943275,0
000375,256,256,128,128,0.947657,0
000376,256,256,128,128,0.880517,0
000377,256,256,128,128,0.878386,0
000378,256,256,128,128,0.899020,0
000379,256,256,128,128,0.885165,0
000380,256,256,128,128,0.963283,0
000381,256,256,128,128,0.901482,0
000382,256,256,128,128,0.887454,0
000383,256,256,128,128,0.911394,0
000384,256,256,128,128,0.994172,0
000385,256,256,128,128,0.725376,0
000386,256,256,128,128,0.680838,0
000387,256,256,128,128,0.711276,0
000388,256,256,128,128,0.982598,0
000389,256,256,128,128,0.952125,0
000390,256,256,128,128,0.901847,0
000391,256,256,128,128,0.953175,0
000392,256,256,128,128,0.977860,0
000393,256,256,128,128,0.989302,0
000394,256,256,128,128,0.989956,0
000395,256,256,128,128,0.995914,0
000396,256,256,128,128,0.884475,0
000397,256,256,128,128,0.707766,0
000398,256,256,128,128,0.650140,0
000399,256,256,128,128,0.665280,0
000400,256,256,128,128,0.999531,0
000401,256,256,128,128,0.983608,0
000402,256,256,128,128,0.949360,0
000403,256,256,128,128,0.958490,0
000404,256,256,128,128,0.867056,0
000405,256,256,128,128,-0.003936,1
000406,256,256,128,128,0.004705,1
000407,256,256,128,128,0.003130,1
000408,256,256,128,128,0.980475,0
000409,256,256,128,128,0.997985,0
000410,256,256,128,128,0.998049,0
000411,256,256,128,128,0.997930,0
000412,256,256,128,128,0.987690,0
000413,256,256,128,128,0.859100,0
000414,256,256,128,128,0.863427,0
000415,256,256,128,128,0.863011,0
000416,256,256,128,128,0.987614,0
000417,256,256,128,128,0.962074,0
000418,256,256,128,128,0.959583,0
000419,256,256,128,128,0.963458,0
000420,256,256,128,128,0.981596,0
000421,256,256,128,128,0.985662,0
000422,256,256,128,128,0.985719,0
000423,256,256,128,128,0.985651,0
000424,256,256,128,128,0.984784,0
000425,256,256,128,128,0.984753,0
000426,256,256,128,128,0.987708,0
000427,256,256,128,128,0.987957,0
000428,256,256,128,128,0.951550,0
000429,256,256,128,128,0.947130,0
000430,256,256,128,128,0.939393,0
000431,256,256,128,128,0.947945,0
000432,256,256,128,128,0.988382,0
000433,256,256,128,128,0.971033,0
000434,256,256,128,128,0.968992,0
000435,256,256,128,128,0.965712,0
000436,256,256,128,128,0.966589,0
000437,256,256,128,128,0.986103,0
000438,256,256,128,128,0.987874,0
000439,256,256,128,128,0.987897,0
000440,256,256,128,128,0.981672,0
000441,256,256,128,128,0.991973,0
000442,256,256,128,128,0.993443,0
000443,256,256,128,128,0.992760,0
000444,256,256,128,128,0.949504,0
000445,256,256,128,128,0.980454,0
000446,256,256,128,128,0.980855,0
000447,256,256,128,128,0.979894,0
000448,256,256,128,128,0.920181,0
000449,256,256,128,128,0.981426,0
000450,256,256,128,128,0.979040,0
000451,256,256,128,128,0.978698,0
000452,256,256,128,128,0.996300,0
000453,256,256,128,128,0.902358,0
000454,256,256,128,128,0.907660,0
000455,256,256,128,128,0.896306,0
000456,256,256,128,128,0.941177,0
000457,256,256,128,128,0.901872,0
000458,256,256,128,128,0.901874,0
000459,256,256,128,128,0.900307,0
000460,256,256,128,128,0.979459,0
000461,256,256,128,128,0.999783,0
000462,256,256,128,128,0.999761,0
000463,256,256,128,128,0.999716,0
000464,256,256,128,128,0.976248,0
000465,256,256,128,128,0.944261,0
000466,256,256,128,128,0.943951,0
000467,256,256,128,128,0.943860,0
000468,256,256,128,128,0.458840,1
000469,256,256,128,128,0.896292,0
000470,256,256,128,128,0.890636,0
000471,256,256,128,128,0.898031,0
000472,256,256,128,128,0.985231,0
000473,256,256,128,128,0.996206,0
000474,256,256,128,128,0.995995,0
000475,256,256,128,128,0.995591,0
000476,256,256,128,128,0.921169,0
000477,256,256,128,128,0.915809,0
000478,256,256,128,128,0.921639,0
000479,256,256,128,128,0.911964,0
000480,256,256,128,128,0.836056,0
000481,256,256,128,128,0.991250,0
000482,256,256,128,128,0.990843,0
000483,256,256,128,128,0.991165,0
000484,256,256,128,128,0.936613,0
000485,256,256,128,128,0.997414,0
000486,256,256,128,128,0.997537,0
000487,256,256,128,128,0.997490,0
000488,256,256,128,128,0.892634,0
000489,256,256,128,128,0.960678,0
000490,256,256,128,128,0.953015,0
000491,256,256,128,128,0.953158,0
000492,256,256,128,128,0.830413,0
000493,256,256,128,128,0.852010,0
000494,256,256,128,128,0.844840,0
000495,256,256,128,128,0.844302,0
000496,256,256,128,128,0.785376,0
000497,256,256,128,128,0.878047,0
000498,256,256,128,128,0.875483,0
000499,256,256,128,128,0.859244,0
000500,256,256,128,128,0.908745,0
000501,256,256,128,128,0.934451,0
000502,256,256,128,128,0.926839,0
000503,256,256,128,128,0.923063,0
000504,256,256,128,128,0.973660,0
000505,256,256,128,128,0.936635,0
000506,256,256,128,128,0.930868,0
000507,256,256,128,128,0.931622,0
000508,256,256,128,128,0.991613,0
000509,256,256,128,128,0.709829,0
000510,256,256,128,128,0.684258,0
000511,256,256,128,128,0.695434,0
000512,256,256,128,128,0.957739,0
000513,256,256,128,128,0.966317,0
000514,256,256,128,128,0.965899,0
000515,256,256,128,128,0.965193,0
000516,256,256,128,128,0.924877,0
000517,256,256,128,128,0.955412,0
000518,256,256,128,128,0.946508,0
000519,256,256,128,128,0.949324,0
000520,256,256,128,128,0.865175,0
000521,256,256,128,128,0.992913,0
000522,256,256,128,128,0.993526,0
000523,256,256,128,128,0.993598,0
000524,256,256,128,128,0.847513,0
000525,256,256,128,128,0.977651,0
000526,256,256,128,128,0.951496,0
000527,256,256,128,128,0.953212,0
000528,256,256,128,128,0.543601,0
000529,256,256,128,128,0.891026,0
000530,256,256,128,128,0.911055,0
000531,256,256,128,128,0.860544,0
000532,256,256,128,128,0.849548,0
000533,256,256,128,128,0.918772,0
000534,256,256,128,128,0.892579,0
000535,256,256,128,128,0.895795,0
000536,256,256,128,128,0.995006,0
000537,256,256,128,128,0.994721,0
000538,256,256,128,128,0.995226,0
000539,256,256,128,128,0.994542,0
000540,256,256,128,128,0.946383,0
000541,256,256,128,128,0.997463,0
000542,256,256,128,128,0.996917,0
000543,256,256,128,128,0.997457,0
000544,256,256,128,128,0.885915,0
000545,256,256,128,128,0.973682,0
000546,256,256,128,128,0.971864,0
000547,256,256,128,128,0.967455,0
000548,256,256,128,128,0.998195,0
000549,256,256,128,128,0.936211,0
000550,256,256,128,128,0.929003,0
000551,256,256,128,128,0.942160,0
000552,256,256,128,128,0.896084,0
000553,256,256,128,128,0.997948,0
000554,256,256,128,128,0.998141,0
000555,256,256,128,128,0.998141,0
000556,256,256,128,128,0.989824,0
000557,256,256,128,128,0.992430,0
000558,256,256,128,128,0.992723,0
000559,256,256,128,128,0.992056,0
000560,256,256,128,128,0.926369,0
000561,256,256,128,128,0.928013,0
000562,256,256,128,128,0.928046,0
000563,256,256,128,128,0.930360,0
000564,256,256,128,128,0.985310,0
000565,256,256,128,128,0.822859,0
000566,256,256,128,128,0.823257,0
000567,256,256,128,128,0.803595,0
000568,256,256,128,128,0.919796,0
000569,256,256,128,128,0.959388,0
000570,256,256,128,128,0.955094,0
000571,256,256,128,128,0.959450,0
000572,256,256,128,128,0.926610,0
000573,256,256,128,128,0.949200,0
000574,256,256,128,128,0.962435,0
000575,256,256,128,128,0.958201,0
000576,256,256,128,128,0.929538,0
000577,256,256,128,128,0.881416,0
000578,256,256,128,128,0.896310,0
000579,256,256,128,128,0.893052,0
000580,256,256,128,128,0.991542,0
000581,256,256,128,128,0.984533,0
000582,256,256,128,128,0.987087,0
000583,256,256,128,128,0.989300,0
000584,256,256,128,128,0.959438,0
000585,256,256,128,128,0.897650,0
000586,256,256,128,128,0.897474,0
000587,256,256,128,128,0.897900,0
000588,256,256,128,128,0.993026,0
000589,256,256,128,128,0.986592,0
000590,256,256,128,128,0.986429,0
000591,256,256,128,128,0.985601,0
000592,256,256,128,128,0.994779,0
000593,256,256,128,128,0.921972,0
000594,256,256,128,128,0.958828,0
000595,256,256,128,128,0.916510,0
000596,256,256,128,128,0.980864,0
000597,256,256,128,128,0.975446,0
000598,256,256,128,128,0.980110,0
000599,256,256,128,128,0.980101,0
000600,256,256,128,128,0.996735,0
000601,256,256,128,128,0.996570,0
000602,256,256,128,128,0.996568,0
000603,256,256,128,128,0.996410,0
000604,256,256,128,128,0.972855,0
000605,256,256,128,128,0.946748,0
000606,256,256,128,128,0.945343,0
000607,256,256,128,128,0.962238,0
000608,256,256,128,128,0.972011,0
000609,256,256,128,128,0.967139,0
000610,256,256,128,128,0.965494,0
000611,256,256,128,128,0.934818,0
000612,256,256,128,128,0.993788,0
000613,256,256,128,128,0.825125,0
000614,256,256,128,128,0.863045,0
000615,256,256,128,128,0.862961,0
000616,256,256,128,128,0.973354,0
000617,256,256,128,128,0.955375,0
000618,256,256,128,128,0.954294,0
000619,256,256,128,128,0.955040,0
000620,256,256,128,128,0.986033,0
000621,256,256,128,128,0.906773,0
000622,256,256,128,128,0.904722,0
000623,256,256,128,128,0.900289,0
000624,256,256,128,128,0.863077,0
000625,256,256,128,128,-0.000109,1
000626,256,256,128,128,-0.002158,1
000627,256,256,128,128,0.001280,1
000628,256,256,128,128,0.989649,0
000629,256,256,128,128,0.926196,0
000630,256,256,128,128,0.927177,0
000631,256,256,128,128,0.926414,0
000632,256,256,128,128,0.985723,0
000633,256,256,128,128,0.984398,0
000634,256,256,128,128,0.984717,0
000635,256,256,128,128,0.984727,0
000636,256,256,128,128,0.885358,0
000637,256,256,128,128,0.920492,0
000638,256,256,128,128,0.924562,0
000639,256,256,128,128,0.925156,0
000640,256,256,128,128,0.960253,0
000641,256,256,128,128,0.343542,1
000642,256,256,128,128,0.335405,1
000643,256,256,128,128,0.920423,0
000644,256,256,128,128,0.876830,0
000645,256,256,128,128,0.926554,0
000646,256,256,128,128,0.937898,0
000647,256,256,128,128,0.927659,0
000648,256,256,128,128,0.921155,0
000649,256,256,128,128,0.933119,0
000650,256,256,128,128,0.931543,0
000651,256,256,128,128,0.933110,0
000652,256,256,128,128,0.951721,0
000653,256,256,128,128,0.880622,0
000654,256,256,128,128,0.877969,0
000655,256,256,128,128,0.881005,0
000656,256,256,128,128,0.963511,0
000657,256,256,128,128,0.941407,0
000658,256,256,128,128,0.941461,0
000659,256,256,128,128,0.910324,0
000660,256,256,128,128,0.986745,0
000661,256,256,128,128,0.995712,0
000662,256,256,128,128,0.995874,0
000663,256,256,128,128,0.995164,0
000664,256,256,128,128,0.604573,0
000665,256,256,128,128,0.775793,0
000666,256,256,128,128,0.457469,1
000667,256,256,128,128,0.475676,1
000668,256,256,128,128,0.996001,0
000669,256,256,128,128,0.981249,0
000670,256,256,128,128,0.986674,0
000671,256,256,128,128,0.982849,0
000672,256,256,128,128,0.869148,0
000673,256,256,128,128,0.938897,0
000674,256,256,128,128,0.933996,0
000675,256,256,128,128,0.935196,0
000676,256,256,128,128,0.869812,0
000677,256,256,128,128,0.808048,0
000678,256,256,128,128,0.808048,0
000679,256,256,128,128,0.796845,0
000680,256,256,128,128,0.995203,0
000681,256,256,128,128,0.989237,0
000682,256,256,128,128,0.989903,0
000683,256,256,128,128,0.989319,0
000684,256,256,128,128,0.949978,0
000685,256,256,128,128,0.990829,0
000686,256,256,128,128,0.991037,0
000687,256,256,128,128,0.987464,0
000688,256,256,128,128,0.989672,0
000689,256,256,128,128,0.966456,0
000690,256,256,128,128,0.967556,0
000691,256,256,128,128,0.967586,0
000692,256,256,128,128,0.991045,0
000693,256,256,128,128,0.979727,0
000694,256,256,128,128,0.977028,0
000695,256,256,128,128,0.980988,0
000696,256,256,128,128,0.965340,0
000697,256,256,128,128,0.980759,0
000698,256,256,128,128,0.981850,0
000699,256,256,128,128,0.976028,0
000700,256,256,128,128,0.994642,0
000701,256,256,128,128,0.778549,0
000702,256,256,128,128,0.771848,0
000703,256,256,128,128,0.784663,0
000704,256,256,128,128,0.990122,0
000705,256,256,128,128,0.528665,0
000706,256,256,128,128,0.529009,0
000707,256,256,128,128,0.567757,0
000708,256,256,128,128,0.948181,0
000709,256,256,128,128,0.988438,0
000710,256,256,128,128,0.991906,0
000711,256,256,128,128,0.991887,0
000712,256,256,128,128,0.986493,0
000713,256,256,128,128,0.995073,0
000714,256,256,128,128,0.995565,0
000715,256,256,128,128,0.995516,0
000716,256,256,128,128,0.899436,0
000717,256,256,128,128,0.860237,0
000718,256,256,128,128,0.861105,0
000719,256,256,128,128,0.858074,0
000720,256,256,128,128,0.889854,0
000721,256,256,128,128,0.976090,0
000722,256,256,128,128,0.977837,0
000723,256,256,128,128,0.978291,0
000724,256,256,128,128,0.713006,0
000725,256,256,128,128,0.744617,0
000726,256,256,128,128,0.747085,0
000727,256,256,128,128,0.762981,0
000728,256,256,128,128,0.983558,0
000729,256,256,128,128,0.983946,0
000730,256,256,128,128,0.978623,0
000731,256,256,128,128,0.983413,0
000732,256,256,128,128,0.941361,0
000733,256,256,128,128,0.763479,0
000734,256,256,128,128,0.776435,0
000735,256,256,128,128,0.717959,0
000736,256,256,128,128,0.971597,0
000737,256,256,128,128,0.994190,0
000738,256,256,128,128,0.998681,0
000739,256,256,128,128,0.998632,0
000740,256,256,128,128,0.972410,0
000741,256,256,128,128,0.969851,0
000742,256,256,128,128,0.968223,0
000743,256,256,128,128,0.969842,0
000744,256,256,128,128,0.823214,0
000745,256,256,128,128,0.992249,0
000746,256,256,128,128,0.991495,0
000747,256,256,128,128,0.991151,0
000748,256,256,128,128,0.956266,0
000749,256,256,128,128,0.908062,0
000750,256,256,128,128,0.910516,0
000751,256,256,128,128,0.908010,0
000752,256,256,128,128,0.961278,0
000753,256,256,128,128,0.912382,0
000754,256,256,128,128,0.900602,0
000755,256,256,128,128,0.904933,0
000756,256,256,128,128,0.983690,0
000757,256,256,128,128,0.998649,0
000758,256,256,128,128,0.998647,0
000759,256,256,128,128,0.995428,0
000760,256,256,128,128,0.800530,0
000761,256,256,128,128,0.837559,0
000762,256,256,128,128,0.835099,0
000763,256,256,128,128,0.842287,0
000764,256,256,128,128,0.878845,0
000765,256,256,128,128,0.988798,0
000766,256,256,128,128,0.985475,0
000767,256,256,128,128,0.988795,0
000768,256,256,128,128,0.906549,0
000769,256,256,128,128,0.949611,0
000770,256,256,128,128,0.951688,0
000771,256,256,128,128,0.950807,0
000772,256,256,128,128,0.977841,0
000773,256,256,128,128,0.992986,0
000774,256,256,128,128,0.992983,0
000775,256,256,128,128,0.992988,0
000776,256,256,128,128,0.886536,0
000777,256,256,128,128,0.974647,0
000778,256,256,128,128,0.973567,0
000779,256,256,128,128,0.972016,0
000780,256,256,128,128,0.889119,0
000781,256,256,128,128,0.979224,0
000782,256,256,128,128,0.976659,0
000783,256,256,128,128,0.976261,0
000784,256,256,128,128,0.988253,0
000785,256,256,128,128,0.978524,0
000786,256,256,128,128,0.978332,0
000787,256,256,128,128,0.987303,0
000788,256,256,128,128,0.994093,0
000789,256,256,128,128,0.999194,0
000790,256,256,128,128,0.999212,0
000791,256,256,128,128,0.999169,0
000792,256,256,128,128,0.994549,0
000793,256,256,128,128,0.924445,0
000794,256,256,128,128,0.923180,0
000795,256,256,128,128,0.938972,0
000796,256,256,128,128,0.922078,0
000797,256,256,128,128,0.953902,0
000798,256,256,128,128,0.955083,0
000799,256,256,128,128,0.951144,0
000800,256,256,128,128,0.827786,0
000801,256,256,128,128,0.991683,0
000802,256,256,128,128,0.985885,0
000803,256,256,128,128,0.990892,0
000804,256,256,128,128,0.858746,0
000805,256,256,128,128,0.998776,0
000806,256,256,128,128,0.999249,0
000807,256,256,128,128,0.999186,0
000808,256,256,128,128,0.958700,0
000809,256,256,128,128,0.984260,0
000810,256,256,128,128,0.984934,0
000811,256,256,128,128,0.974254,0
000812,256,256,128,128,0.946432,0
000813,256,256,128,128,0.929265,0
000814,256,256,128,128,0.929561,0
000815,256,256,128,128,0.922527,0
000816,256,256,128,128,0.952220,0
000817,256,256,128,128,0.859357,0
000818,256,256,128,128,0.874932,0
000819,256,256,128,128,0.846596,0
000820,256,256,128,128,0.892938,0
000821,256,256,128,128,0.971668,0
000822,256,256,128,128,0.974787,0
000823,256,256,128,128,0.973961,0
000824,256,256,128,128,0.976871,0
000825,256,256,128,128,0.979283,0
000826,256,256,128,128,0.981620,0
000827,256,256,128,128,0.959272,0
000828,256,256,128,128,0.998272,0
000829,256,256,128,128,0.905368,0
000830,256,256,128,128,0.907228,0
000831,256,256,128,128,0.944064,0
000832,256,256,128,128,0.971174,0
000833,256,256,128,128,0.974156,0
000834,256,256,128,128,0.957913,0
000835,256,256,128,128,0.964140,0
000836,256,256,128,128,0.803721,0
000837,256,256,128,128,0.946565,0
000838,256,256,128,128,0.935519,0
000839,256,256,128,128,0.939521,0
000840,256,256,128,128,0.994094,0
000841,256,256,128,128,0.997280,0
000842,256,256,128,128,0.996290,0
000843,256,256,128,128,0.997184,0
000844,256,256,128,128,0.933622,0
000845,256,256,128,128,0.992869,0
000846,256,256,128,128,0.991191,0
000847,256,256,128,128,0.992875,0
000848,256,256,128,128,0.991825,0
000849,256,256,128,128,0.990083,0
000850,256,256,128,128,0.989793,0
000851,256,256,128,128,0.990756,0
000852,256,256,128,128,0.923473,0
000853,256,256,128,128,0.921106,0
000854,256,256,128,128,0.907246,0
000855,256,256,128,128,0.893985,0
000856,256,256,128,128,0.938861,0
000857,256,256,128,128,0.993086,0
000858,256,256,128,128,0.989985,0
000859,256,256,128,128,0.987735,0
000860,256,256,128,128,0.991010,0
000861,256,256,128,128,0.985764,0
000862,256,256,128,128,0.987091,0
000863,256,256,128,128,0.987078,0
000864,256,256,128,128,0.859831,0
000865,256,256,128,128,0.855214,0
000866,256,256,128,128,0.854788,0
000867,256,256,128,128,0.855183,0
000868,256,256,128,128,0.968605,0
000869,256,256,128,128,0.880075,0
000870,256,256,128,128,0.879929,0
000871,256,256,128,128,0.854435,0
000872,256,256,128,128,0.991393,0
000873,256,256,128,128,0.928443,0
000874,256,256,128,128,0.907442,0
000875,256,256,128,128,0.901748,0
000876,256,256,128,128,0.989992,0
000877,256,256,128,128,0.994249,0
000878,256,256,128,128,0.994357,0
000879,256,256,128,128,0.993021,0
000880,256,256,128,128,0.981753,0
000881,256,256,128,128,0.992748,0
000882,256,256,128,128,0.992575,0
000883,256,256,128,128,0.992960,0
000884,256,256,128,128,0.885513,0
000885,256,256,128,128,0.963347,0
000886,256,256,128,128,0.966149,0
000887,256,256,128,128,0.963337,0
000888,256,256,128,128,0.984089,0
000889,256,256,128,128,0.998869,0
000890,256,256,128,128,0.998686,0
000891,256,256,128,128,0.998948,0
000892,256,256,128,128,0.897473,0
000893,256,256,128,128,0.687343,0
000894,256,256,128,128,0.744077,0
000895,256,256,128,128,0.765225,0
000896,256,256,128,128,0.967666,0
000897,256,256,128,128,0.983008,0
000898,256,256,128,128,0.985479,0
000899,256,256,128,128,0.987010,0
000900,256,256,128,128,0.273509,1
000901,256,256,128,128,0.962766,0
000902,256,256,128,128,0.962915,0
000903,256,256,128,128,0.967414,0
000904,256,256,128,128,0.947135,0
000905,256,256,128,128,0.339360,1
000906,256,256,128,128,0.930999,0
000907,256,256,128,128,0.396618,1
000908,256,256,128,128,0.969577,0
000909,256,256,128,128,0.994124,0
000910,256,256,128,128,0.991229,0
000911,256,256,128,128,0.993474,0
000912,256,256,128,128,0.992408,0
000913,256,256,128,128,0.884402,0
000914,256,256,128,128,0.887535,0
000915,256,256,128,128,0.890826,0
000916,256,256,128,128,0.804940,0
000917,256,256,128,128,0.963929,0
000918,256,256,128,128,0.964787,0
000919,256,256,128,128,0.962722,0
000920,256,256,128,128,0.833681,0
000921,256,256,128,128,0.947699,0
000922,256,256,128,128,0.963110,0
000923,256,256,128,128,0.947067,0
000924,256,256,128,128,0.998848,0
000925,256,256,128,128,0.968123,0
000926,256,256,128,128,0.967202,0
000927,256,256,128,128,0.966009,0
000928,256,256,128,128,0.980593,0
000929,256,256,128,128,0.994791,0
000930,256,256,128,128,0.994938,0
000931,256,256,128,128,0.995485,0
000932,256,256,128,128,0.964637,0
000933,256,256,128,128,0.977597,0
000934,256,256,128,128,0.976892,0
000935,256,256,128,128,0.977205,0
000936,256,256,128,128,0.891017,0
000937,256,256,128,128,0.980269,0
000938,256,256,128,128,0.990861,0
000939,256,256,128,128,0.979517,0
000940,256,256,128,128,0.728669,0
000941,256,256,128,128,0.997651,0
000942,256,256,128,128,0.997661,0
000943,256,256,128,128,0.997735,0
000944,256,256,128,128,0.998153,0
000945,256,256,128,128,0.998788,0
000946,256,256,128,128,0.998840,0
000947,256,256,128,128,0.998706,0
000948,256,256,128,128,0.919532,0
000949,256,256,128,128,0.985679,0
000950,256,256,128,128,0.986739,0
000951,256,256,128,128,0.988856,0
000952,256,256,128,128,0.919155,0
000953,256,256,128,128,0.987643,0
000954,256,256,128,128,0.989328,0
000955,256,256,128,128,0.987619,0
000956,256,256,128,128,0.894483,0
000957,256,256,128,128,0.002584,1
000958,256,256,128,128,-0.004346,1
000959,256,256,128,128,-0.000776,1
000960,256,256,128,128,0.992911,0
000961,256,256,128,128,0.995204,0
000962,256,256,128,128,0.994843,0
000963,256,256,128,128,0.995186,0
000964,256,256,128,128,0.979479,0
000965,256,256,128,128,0.980797,0
000966,256,256,128,128,0.980802,0
000967,256,256,128,128,0.980793,0
000968,256,256,128,128,0.842858,0
000969,256,256,128,128,0.933077,0
000970,256,256,128,128,0.936284,0
000971,256,256,128,128,0.938096,0
000972,256,256,128,128,0.995410,0
000973,256,256,128,128,0.987442,0
000974,256,256,128,128,0.988874,0
000975,256,256,128,128,0.984270,0
000976,256,256,128,128,0.958247,0
000977,256,256,128,128,0.988902,0
000978,256,256,128,128,0.990234,0
000979,256,256,128,128,0.994053,0
000980,256,256,128,128,0.759111,0
000981,256,256,128,128,0.872879,0
000982,256,256,128,128,0.873453,0
000983,256,256,128,128,0.932729,0
000984,256,256,128,128,0.000745,1
000985,256,256,128,128,0.993222,0
000986,256,256,128,128,0.993221,0
000987,256,256,128,128,0.994999,0
000988,256,256,128,128,0.959012,0
000989,256,256,128,128,0.991903,0
000990,256,256,128,128,0.991760,0
000991,256,256,128,128,0.987270,0
000992,256,256,128,128,0.992195,0
000993,256,256,128,128,0.988590,0
000994,256,256,128,128,0.988154,0
000995,256,256,128,128,0.988080,0
000996,256,256,128,128,0.974683,0
000997,256,256,128,128,0.992521,0
000998,256,256,128,128,0.991836,0
000999,256,256,128,128,0.991662,0
001000,256,256,128,128,0.766288,0
001001,256,256,128,128,0.969531,0
001002,256,256,128,128,0.920934,0
001003,256,256,128,128,0.970141,0
001004,256,256,128,128,0.955913,0
001005,256,256,128,128,0.996682,0
001006,256,256,128,128,0.996732,0
001007,256,256,128,128,0.996701,0
001008,256,256,128,128,0.959385,0
001009,256,256,128,128,0.993454,0
001010,256,256,128,128,0.995130,0
001011,256,256,128,128,0.995325,0
001012,256,256,128,128,0.954978,0
001013,256,256,128,128,0.987929,0
001014,256,256,128,128,0.988160,0
001015,256,256,128,128,0.993226,0
001016,256,256,128,128,0.967792,0
001017,256,256,128,128,0.989917,0
001018,256,256,128,128,0.985730,0
001019,256,256,128,128,0.989057,0
001020,256,256,128,128,0.898508,0
001021,256,256,128,128,0.858479,0
001022,256,256,128,128,0.868488,0
001023,256,256,128,128,0.909094,0
001024,256,256,128,128,0.988844,0
001025,256,256,128,128,0.968265,0
001026,256,256,128,128,0.965814,0
001027,256,256,128,128,0.964603,0
001028,256,256,128,128,0.980560,0
001029,256,256,128,128,0.989698,0
001030,256,256,128,128,0.989693,0
001031,256,256,128,128,0.986816,0
001032,256,256,128,128,0.872743,0
001033,256,256,128,128,0.853223,0
001034,256,256,128,128,0.850469,0
001035,256,256,128,128,0.853193,0
001036,256,256,128,128,0.965158,0
001037,256,256,128,128,0.939662,0
001038,256,256,128,128,0.945020,0
001039,256,256,128,128,0.933449,0
001040,256,256,128,128,0.980344,0
001041,256,256,128,128,0.970112,0
001042,256,256,128,128,0.970178,0
001043,256,256,128,128,0.972182,0
001044,256,256,128,128,0.976703,0
001045,256,256,128,128,0.992146,0
001046,256,256,128,128,0.993461,0
001047,256,256,128,128,0.994227,0
001048,256,256,128,128,0.982284,0
001049,256,256,128,128,0.994487,0
001050,256,256,128,128,0.993594,0
001051,256,256,128,128,0.995571,0
001052,256,256,128,128,0.994414,0
001053,256,256,128,128,0.999077,0
001054,256,256,128,128,0.998942,0
001055,256,256,128,128,0.999111,0
001056,256,256,128,128,0.873403,0
001057,256,256,128,128,0.855949,0
001058,256,256,128,128,0.863045,0
001059,256,256,128,128,0.863057,0
001060,256,256,128,128,0.980786,0
001061,256,256,128,128,0.986755,0
001062,256,256,128,128,0.986570,0
001063,256,256,128,128,0.986182,0
001064,256,256,128,128,0.998228,0
001065,256,256,128,128,0.989231,0
001066,256,256,128,128,0.990046,0
001067,256,256,128,128,0.990352,0
001068,256,256,128,128,0.932201,0
001069,256,256,128,128,0.914223,0
001070,256,256,128,128,0.913590,0
001071,256,256,128,128,0.899762,0
001072,256,256,128,128,0.979926,0
001073,256,256,128,128,0.971753,0
001074,256,256,128,128,0.969628,0
001075,256,256,128,128,0.971870,0
001076,256,256,128,128,0.873359,0
001077,256,256,128,128,0.712854,0
001078,256,256,128,128,0.865321,0
001079,256,256,128,128,0.930885,0
001080,256,256,128,128,0.984657,0
001081,256,256,128,128,0.999032,0
001082,256,256,128,128,0.999109,0
001083,256,256,128,128,0.999022,0
001084,256,256,128,128,0.995053,0
001085,256,256,128,128,0.997444,0
001086,256,256,128,128,0.997272,0
001087,256,256,128,128,0.997000,0
001088,256,256,128,128,0.971478,0
001089,256,256,128,128,0.985715,0
001090,256,256,128,128,0.984054,0
001091,256,256,128,128,0.983747,0
001092,256,256,128,128,0.945172,0
001093,256,256,128,128,0.993021,0
001094,256,256,128,128,0.993066,0
001095,256,256,128,128,0.992934,0
001096,256,256,128,128,0.933717,0
001097,256,256,128,128,0.929624,0
001098,256,256,128,128,0.936228,0
001099,256,256,128,128,0.951983,0
001100,256,256,128,128,0.864051,0
001101,256,256,128,128,0.940438,0
001102,256,256,128,128,0.958779,0
001103,256,256,128,128,0.956835,0
001104,256,256,128,128,0.836647,0
001105,256,256,128,128,0.930607,0
001106,256,256,128,128,0.914130,0
001107,256,256,128,128,0.948294,0
001108,256,256,128,128,0.893826,0
001109,256,256,128,128,0.964878,0
001110,256,256,128,128,0.958851,0
001111,256,256,128,128,0.966399,0
001112,256,256,128,128,0.949675,0
001113,256,256,128,128,0.993515,0
001114,256,256,128,128,0.994127,0
001115,256,256,128,128,0.993319,0
001116,256,256,128,128,0.980246,0
001117,256,256,128,128,0.965143,0
001118,256,256,128,128,0.965597,0
001119,256,256,128,128,0.966508,0
001120,256,256,128,128,0.892065,0
001121,256,256,128,128,0.934871,0
001122,256,256,128,128,0.918029,0
001123,256,256,128,128,0.933418,0
001124,256,256,128,128,0.989665,0
001125,256,256,128,128,0.979932,0
001126,256,256,128,128,0.981983,0
001127,256,256,128,128,0.984066,0
001128,256,256,128,128,0.992057,0
001129,256,256,128,128,0.990956,0
001130,256,256,128,128,0.992530,0
001131,256,256,128,128,0.990957,0
001132,256,256,128,128,0.913546,0
001133,256,256,128,128,0.941087,0
001134,256,256,128,128,0.939901,0
001135,256,256,128,128,0.942621,0
001136,256,256,128,128,0.951634,0
001137,256,256,128,128,0.968945,0
001138,256,256,128,128,0.964245,0
001139,256,256,128,128,0.964226,0
001140,256,256,128,128,0.934721,0
001141,256,256,128,128,0.965955,0
001142,256,256,128,128,0.959556,0
001143,256,256,128,128,0.973926,0
001144,256,256,128,128,0.946298,0
001145,256,256,128,128,0.958563,0
001146,256,256,128,128,0.958620,0
001147,256,256,128,128,0.956287,0
001148,256,256,128,128,0.814104,0
001149,256,256,128,128,0.886252,0
001150,256,256,128,128,0.886530,0
001151,256,256,128,128,0.886521,0
001152,256,256,128,128,0.944183,0
001153,256,256,128,128,0.975431,0
001154,256,256,128,128,0.975033,0
001155,256,256,128,128,0.973156,0
001156,256,256,128,128,0.983745,0
001157,256,256,128,128,0.944662,0
001158,256,256,128,128,0.944437,0
001159,256,256,128,128,0.943461,0
001160,256,256,128,128,0.997363,0
001161,256,256,128,128,0.995475,0
001162,256,256,128,128,0.993513,0
001163,256,256,128,128,0.994685,0
001164,256,256,128,128,0.940150,0
001165,256,256,128,128,0.994762,0
001166,256,256,128,128,0.994761,0
001167,256,256,128,128,0.991844,0
001168,256,256,128,128,0.929610,0
001169,256,256,128,128,0.831320,0
001170,256,256,128,128,0.834501,0
001171,256,256,128,128,0.831106,0
001172,256,256,128,128,0.994568,0
001173,256,256,128,128,0.995970,0
001174,256,256,128,128,0.995640,0
001175,256,256,128,128,0.996033,0
001176,256,256,128,128,0.834440,0
001177,256,256,128,128,0.961718,0
001178,256,256,128,128,0.972784,0
001179,256,256,128,128,0.973307,0
001180,256,256,128,128,0.899141,0
001181,256,256,128,128,0.933764,0
001182,256,256,128,128,0.928769,0
001183,256,256,128,128,0.932855,0
001184,256,256,128,128,0.948120,0
001185,256,256,128,128,0.925041,0
001186,256,256,128,128,0.936875,0
001187,256,256,128,128,0.928899,0
001188,256,256,128,128,0.949748,0
001189,256,256,128,128,0.703605,0
001190,256,256,128,128,0.723623,0
001191,256,256,128,128,0.709014,0
001192,256,256,128,128,0.985603,0
001193,256,256,128,128,0.969214,0
001194,256,256,128,128,0.978212,0
001195,256,256,128,128,0.979641,0
001196,256,256,128,128,0.999006,0
001197,256,256,128,128,0.980128,0
001198,256,256,128,128,0.977703,0
001199,256,256,128,128,0.986039,0
001200,256,256,128,128,0.990521,0
001201,256,256,128,128,0.988611,0
001202,256,256,128,128,0.990120,0
001203,256,256,128,128,0.988577,0
001204,256,256,128,128,0.838798,0
001205,256,256,128,128,0.989520,0
001206,256,256,128,128,0.956906,0
001207,256,256,128,128,0.990025,0
001208,256,256,128,128,0.467813,1
001209,256,256,128,128,0.696670,0
001210,256,256,128,128,0.686400,0
001211,256,256,128,128,0.695566,0
001212,256,256,128,128,0.939640,0
001213,256,256,128,128,0.884712,0
001214,256,256,128,128,0.896415,0
001215,256,256,128,128,0.893476,0
001216,256,256,128,128,0.882070,0
001217,256,256,128,128,0.922625,0
001218,256,256,128,128,0.919665,0
001219,256,256,128,128,0.922700,0
001220,256,256,128,128,0.929282,0
001221,256,256,128,128,0.960192,0
001222,256,256,128,128,0.960170,0
001223,256,256,128,128,0.959339,0
001224,256,256,128,128,0.607379,0
001225,256,256,128,128,0.997884,0
001226,256,256,128,128,0.997877,0
001227,256,256,128,128,0.997506,0
001228,256,256,128,128,0.979068,0
001229,256,256,128,128,0.977815,0
001230,256,256,128,128,0.978717,0
001231,256,256,128,128,0.979265,0
001232,256,256,128,128,0.959726,0
001233,256,256,128,128,0.988430,0
001234,256,256,128,128,0.988938,0
001235,256,256,128,128,0.989419,0
001236,256,256,128,128,0.701131,0
001237,256,256,128,128,0.993980,0
001238,256,256,128,128,0.950634,0
001239,256,256,128,128,0.994923,0
001240,256,256,128,128,0.958195,0
001241,256,256,128,128,0.967201,0
001242,256,256,128,128,0.970373,0
001243,256,256,128,128,0.966521,0
001244,256,256,128,128,0.971028,0
001245,256,256,128,128,0.988673,0
001246,256,256,128,128,0.988884,0
001247,256,256,128,128,0.989540,0
001248,256,256,128,128,0.950929,0
001249,256,256,128,128,0.974378,0
001250,256,256,128,128,0.972070,0
001251,256,256,128,128,0.974374,0
001252,256,256,128,128,0.885225,0
001253,256,256,128,128,0.999322,0
001254,256,256,128,128,0.999084,0
001255,256,256,128,128,0.999272,0
001256,256,256,128,128,0.893562,0
001257,256,256,128,128,0.966469,0
001258,256,256,128,128,0.944152,0
001259,256,256,128,128,0.966815,0
001260,256,256,128,128,0.736702,0
001261,256,256,128,128,0.990389,0
001262,256,256,128,128,0.991198,0
001263,256,256,128,128,0.989574,0
001264,256,256,128,128,0.954970,0
001265,256,256,128,128,0.995950,0
001266,256,256,128,128,0.995967,0
001267,256,256,128,128,0.992850,0
001268,256,256,128,128,0.996736,0
001269,256,256,128,128,0.999800,0
001270,256,256,128,128,0.999783,0
001271,256,256,128,128,0.999812,0
001272,256,256,128,128,0.950316,0
001273,256,256,128,128,0.980886,0
001274,256,256,128,128,0.972850,0
001275,256,256,128,128,0.980793,0
001276,256,256,128,128,0.944263,0
001277,256,256,128,128,0.973829,0
001278,256,256,128,128,0.977670,0
001279,256,256,128,128,0.977663,0
001280,256,256,128,128,0.817033,0
001281,256,256,128,128,0.553297,0
001282,256,256,128,128,0.541124,0
001283,256,256,128,128,0.556506,0
001284,256,256,128,128,0.993243,0
001285,256,256,128,128,0.218099,1
001286,256,256,128,128,0.237038,1
001287,256,256,128,128,0.228353,1
001288,256,256,128,128,0.998213,0
001289,256,256,128,128,0.767708,0
001290,256,256,128,128,0.755383,0
001291,256,256,128,128,0.756235,0
001292,256,256,128,128,0.932894,0
001293,256,256,128,128,0.896459,0
001294,256,256,128,128,0.888166,0
001295,256,256,128,128,0.890718,0
001296,256,256,128,128,0.991385,0
001297,256,256,128,128,0.996545,0
001298,256,256,128,128,0.996262,0
001299,256,256,128,128,0.983702,0
001300,256,256,128,128,0.991503,0
001301,256,256,128,128,0.994800,0
001302,256,256,128,128,0.994868,0
001303,256,256,128,128,0.993540,0
001304,256,256,128,128,0.939241,0
001305,256,256,128,128,0.714932,0
001306,256,256,128,128,0.750601,0
001307,256,256,128,128,0.720874,0
001308,256,256,128,128,0.887875,0
001309,256,256,128,128,0.845507,0
001310,256,256,128,128,0.856776,0
001311,256,256,128,128,0.837875,0
001312,256,256,128,128,0.647133,0
001313,256,256,128,128,0.835925,0
001314,256,256,128,128,0.829320,0
001315,256,256,128,128,0.813904,0
001316,256,256,128,128,0.941782,0
001317,256,256,128,128,0.950165,0
001318,256,256,128,128,0.950161,0
001319,256,256,128,128,0.951898,0
001320,256,256,128,128,0.991364,0
001321,256,256,128,128,0.985665,0
001322,256,256,128,128,0.985144,0
001323,256,256,128,128,0.985008,0
001324,256,256,128,128,0.872278,0
001325,256,256,128,128,0.921522,0
001326,256,256,128,128,0.934742,0
001327,256,256,128,128,0.919308,0
001328,256,256,128,128,0.992091,0
001329,256,256,128,128,0.996090,0
001330,256,256,128,128,0.992817,0
001331,256,256,128,128,0.992814,0
001332,256,256,128,128,0.916646,0
001333,256,256,128,128,0.346268,1
001334,256,256,128,128,0.340858,1
001335,256,256,128,128,0.336842,1
001336,256,256,128,128,0.960943,0
001337,256,256,128,128,0.944826,0
001338,256,256,128,128,0.944938,0
001339,256,256,128,128,0.935341,0
001340,256,256,128,128,0.993120,0
001341,256,256,128,128,0.999136,0
001342,256,256,128,128,0.999147,0
001343,256,256,128,128,0.999232,0
001344,256,256,128,128,0.947324,0
001345,256,256,128,128,0.847115,0
001346,256,256,128,128,0.852217,0
001347,256,256,128,128,0.944028,0
001348,256,256,128,128,0.995211,0
001349,256,256,128,128,0.995702,0
001350,256,256,128,128,0.987508,0
001351,256,256,128,128,0.991028,0
001352,256,256,128,128,0.886880,0
001353,256,256,128,128,0.985908,0
001354,256,256,128,128,0.986586,0
001355,256,256,128,128,0.986056,0
001356,256,256,128,128,0.850215,0
001357,256,256,128,128,0.902794,0
001358,256,256,128,128,0.902840,0
001359,256,256,128,128,0.902781,0
001360,256,256,128,128,0.828316,0
001361,256,256,128,128,0.843702,0
001362,256,256,128,128,0.830101,0
001363,256,256,128,128,0.884347,0
001364,256,256,128,128,0.919357,0
001365,256,256,128,128,0.784683,0
001366,256,256,128,128,0.759941,0
001367,256,256,128,128,0.758274,0
001368,256,256,128,128,0.998171,0
001369,256,256,128,128,0.933214,0
001370,256,256,128,128,0.936675,0
001371,256,256,128,128,0.936986,0
001372,256,256,128,128,0.949414,0
001373,256,256,128,128,0.987410,0
001374,256,256,128,128,0.989799,0
001375,256,256,128,128,0.989072,0
001376,256,256,128,128,0.984051,0
001377,256,256,128,128,0.988153,0
001378,256,256,128,128,0.979254,0
001379,256,256,128,128,0.988434,0
001380,256,256,128,128,0.957181,0
001381,256,256,128,128,0.919329,0
001382,256,256,128,128,0.907088,0
001383,256,256,128,128,0.903625,0
001384,256,256,128,128,0.816759,0
001385,256,256,128,128,0.846524,0
001386,256,256,128,128,0.845842,0
001387,256,256,128,128,0.844950,0
001388,256,256,128,128,0.885119,0
001389,256,256,128,128,0.993773,0
001390,256,256,128,128,0.993187,0
001391,256,256,128,128,0.994515,0
001392,256,256,128,128,0.990536,0
001393,256,256,128,128,0.979353,0
001394,256,256,128,128,0.979592,0
001395,256,256,128,128,0.980260,0
001396,256,256,128,128,0.978363,0
001397,256,256,128,128,0.885785,0
001398,256,256,128,128,0.885752,0
001399,256,256,128,128,0.885734,0
001400,256,256,128,128,0.985327,0
001401,256,256,128,128,0.998234,0
001402,256,256,128,128,0.998364,0
001403,256,256,128,128,0.998479,0
001404,256,256,128,128,0.822570,0
001405,256,256,128,128,0.991958,0
001406,256,256,128,128,0.981162,0
001407,256,256,128,128,0.992167,0
001408,256,256,128,128,0.986590,0
001409,256,256,128,128,0.995181,0
001410,256,256,128,128,0.995708,0
001411,256,256,128,128,0.995256,0
001412,256,256,128,128,0.952081,0
001413,256,256,128,128,0.952308,0
001414,256,256,128,128,0.952245,0
001415,256,256,128,128,0.952311,0
001416,256,256,128,128,0.995284,0
001417,256,256,128,128,0.981915,0
001418,256,256,128,128,0.983997,0
001419,256,256,128,128,0.980608,0
001420,256,256,128,128,0.960504,0
001421,256,256,128,128,0.990828,0
001422,256,256,128,128,0.991041,0
001423,256,256,128,128,0.992245,0
001424,256,256,128,128,0.932918,0
001425,256,256,128,128,0.966458,0
001426,256,256,128,128,0.961422,0
001427,256,256,128,128,0.970815,0
001428,256,256,128,128,0.965171,0
001429,256,256,128,128,0.965879,0
001430,256,256,128,128,0.966434,0
001431,256,256,128,128,0.966015,0
001432,256,256,128,128,0.995730,0
001433,256,256,128,128,0.997769,0
001434,256,256,128,128,0.997667,0
001435,256,256,128,128,0.997669,0
001436,256,256,128,128,0.991592,0
001437,256,256,128,128,0.975601,0
001438,256,256,128,128,0.975605,0
001439,256,256,128,128,0.978327,0
001440,256,256,128,128,0.970485,0
001441,256,256,128,128,0.969840,0
001442,256,256,128,128,0.969895,0
001443,256,256,128,128,0.967493,0
001444,256,256,128,128,0.898898,0
001445,256,256,128,128,0.956883,0
001446,256,256,128,128,0.957421,0
001447,256,256,128,128,0.957578,0
001448,256,256,128,128,0.929012,0
001449,256,256,128,128,0.997301,0
001450,256,256,128,128,0.998770,0
001451,256,256,128,128,0.998032,0
001452,256,256,128,128,0.927106,0
001453,256,256,128,128,0.998162,0
001454,256,256,128,128,0.998021,0
001455,256,256,128,128,0.998321,0
001456,256,256,128,128,0.961446,0
001457,256,256,128,128,0.926328,0
001458,256,256,128,128,0.931444,0
001459,256,256,128,128,0.928655,0
001460,256,256,128,128,0.825080,0
001461,256,256,128,128,0.977250,0
001462,256,256,128,128,0.972475,0
001463,256,256,128,128,0.977357,0
001464,256,256,128,128,0.895830,0
001465,256,256,128,128,0.997217,0
001466,256,256,128,128,0.997208,0
001467,256,256,128,128,0.997220,0
001468,256,256,128,128,0.990272,0
001469,256,256,128,128,0.985244,0
001470,256,256,128,128,0.975862,0
001471,256,256,128,128,0.988240,0
001472,256,256,128,128,0.994609,0
001473,256,256,128,128,0.984373,0
001474,256,256,128,128,0.988293,0
001475,256,256,128,128,0.985442,0
001476,256,256,128,128,0.951526,0
001477,256,256,128,128,0.969034,0
001478,256,256,128,128,0.969443,0
001479,256,256,128,128,0.967954,0
001480,256,256,128,128,0.856717,0
001481,256,256,128,128,0.982511,0
001482,256,256,128,128,0.980602,0
001483,256,256,128,128,0.983243,0
001484,256,256,128,128,0.995403,0
001485,256,256,128,128,0.998099,0
001486,256,256,128,128,0.998783,0
001487,256,256,128,128,0.996871,0
001488,256,256,128,128,0.934748,0
001489,256,256,128,128,0.902621,0
001490,256,256,128,128,0.900134,0
001491,256,256,128,128,0.907947,0
001492,256,256,128,128,0.915543,0
001493,256,256,128,128,0.994034,0
001494,256,256,128,128,0.995060,0
001495,256,256,128,128,0.995061,0
001496,256,256,128,128,0.990692,0
001497,256,256,128,128,0.993627,0
001498,256,256,128,128,0.995769,0
001499,256,256,128,128,0.995772,0
001500,256,256,128,128,0.958272,0
001501,256,256,128,128,0.959558,0
001502,256,256,128,128,0.951751,0
001503,256,256,128,128,0.954953,0
001504,256,256,128,128,0.812394,0
001505,256,256,128,128,0.937766,0
001506,256,256,128,128,0.932955,0
001507,256,256,128,128,0.940933,0
001508,256,256,128,128,0.907447,0
001509,256,256,128,128,0.835256,0
001510,256,256,128,128,0.835269,0
001511,256,256,128,128,0.835285,0
001512,256,256,128,128,0.989453,0
001513,256,256,128,128,0.822199,0
001514,256,256,128,128,0.821811,0
001515,256,256,128,128,0.821764,0
001516,256,256,128,128,0.957955,0
001517,256,256,128,128,0.979325,0
001518,256,256,128,128,0.977286,0
001519,256,256,128,128,0.977342,0
001520,256,256,128,128,0.988588,0
001521,256,256,128,128,0.989126,0
001522,256,256,128,128,0.989057,0
001523,256,256,128,128,0.989110,0
001524,256,256,128,128,0.961880,0
001525,256,256,128,128,0.998106,0
001526,256,256,128,128,0.998087,0
001527,256,256,128,128,0.997821,0
001528,256,256,128,128,0.949991,0
001529,256,256,128,128,0.976147,0
001530,256,256,128,128,0.975596,0
001531,256,256,128,128,0.977133,0
001532,256,256,128,128,0.994167,0
001533,256,256,128,128,0.936649,0
001534,256,256,128,128,0.931419,0
001535,256,256,128,128,0.932297,0
001536,256,256,128,128,0.909588,0
001537,256,256,128,128,0.993680,0
001538,256,256,128,128,0.990938,0
001539,256,256,128,128,0.990945,0
001540,256,256,128,128,0.995138,0
001541,256,256,128,128,0.944823,0
001542,256,256,128,128,0.952666,0
001543,256,256,128,128,0.950531,0
001544,256,256,128,128,0.852906,0
001545,256,256,128,128,0.977465,0
001546,256,256,128,128,0.978252,0
001547,256,256,128,128,0.977210,0
001548,256,256,128,128,0.937250,0
001549,256,256,128,128,0.917667,0
001550,256,256,128,128,0.948641,0
001551,256,256,128,128,0.952315,0
001552,256,256,128,128,0.911972,0
001553,256,256,128,128,0.980630,0
001554,256,256,128,128,0.981628,0
001555,256,256,128,128,0.979306,0
001556,256,256,128,128,0.988289,0
001557,256,256,128,128,0.778017,0
001558,256,256,128,128,0.731512,0
001559,256,256,128,128,0.755593,0
001560,256,256,128,128,0.984075,0
001561,256,256,128,128,0.960084,0
001562,256,256,128,128,0.967000,0
001563,256,256,128,128,0.966998,0
001564,256,256,128,128,0.997307,0
001565,256,256,128,128,0.981203,0
001566,256,256,128,128,0.981426,0
001567,256,256,128,128,0.983101,0
001568,256,256,128,128,0.943982,0
001569,256,256,128,128,0.818483,0
001570,256,256,128,128,0.832782,0
001571,256,256,128,128,0.848594,0
001572,256,256,128,128,0.736197,0
001573,256,256,128,128,0.900179,0
001574,256,256,128,128,0.899914,0
001575,256,256,128,128,0.877468,0
001576,256,256,128,128,0.956727,0
001577,256,256,128,128,0.987553,0
001578,256,256,128,128,0.977748,0
001579,256,256,128,128,0.988436,0
001580,256,256,128,128,0.998043,0
001581,256,256,128,128,0.995623,0
001582,256,256,128,128,0.995558,0
001583,256,256,128,128,0.995745,0
001584,256,256,128,128,0.848565,0
001585,256,256,128,128,0.905991,0
001586,256,256,128,128,0.919727,0
001587,256,256,128,128,0.920379,0
001588,256,256,128,128,0.984989,0
001589,256,256,128,128,0.877639,0
001590,256,256,128,128,0.860094,0
001591,256,256,128,128,0.861503,0
001592,256,256,128,128,0.928010,0
001593,256,256,128,128,0.944927,0
001594,256,256,128,128,0.978125,0
001595,256,256,128,128,0.977080,0
001596,256,256,128,128,0.974521,0
001597,256,256,128,128,0.981651,0
001598,256,256,128,128,0.980159,0
001599,256,256,128,128,0.982633,0
001600,256,256,128,128,0.614729,0
001601,256,256,128,128,0.779372,0
001602,256,256,128,128,0.787548,0
001603,256,256,128,128,0.773444,0
001604,256,256,128,128,0.972902,0
001605,256,256,128,128,0.717384,0
001606,256,256,128,128,0.723911,0
001607,256,256,128,128,0.723908,0
001608,256,256,128,128,0.982832,0
001609,256,256,128,128,0.982476,0
001610,256,256,128,128,0.982093,0
001611,256,256,128,128,0.981966,0
001612,256,256,128,128,0.998369,0
001613,256,256,128,128,0.907798,0
001614,256,256,128,128,0.923597,0
001615,256,256,128,128,0.922204,0
001616,256,256,128,128,0.978060,0
001617,256,256,128,128,0.994994,0
001618,256,256,128,128,0.993955,0
001619,256,256,128,128,0.994334,0
001620,256,256,128,128,0.960497,0
001621,256,256,128,128,0.986493,0
001622,256,256,128,128,0.982763,0
001623,256,256,128,128,0.987331,0
001624,256,256,128,128,0.887606,0
001625,256,256,128,128,0.951032,0
001626,256,256,128,128,0.952459,0
001627,256,256,128,128,0.950296,0
001628,256,256,128,128,0.987801,0
001629,256,256,128,128,0.979205,0
001630,256,256,128,128,0.979126,0
001631,256,256,128,128,0.979126,0
001632,256,256,128,128,0.932933,0
001633,256,256,128,128,0.979080,0
001634,256,256,128,128,0.979071,0
001635,256,256,128,128,0.990898,0
001636,256,256,128,128,0.930510,0
001637,256,256,128,128,0.916348,0
001638,256,256,128,128,0.864909,0
001639,256,256,128,128,0.883172,0
001640,256,256,128,128,0.914594,0
001641,256,256,128,128,0.933453,0
001642,256,256,128,128,0.922005,0
001643,256,256,128,128,0.952685,0
001644,256,256,128,128,0.987999,0
001645,256,256,128,128,0.992164,0
001646,256,256,128,128,0.992166,0
001647,256,256,128,128,0.991779,0
001648,256,256,128,128,0.954073,0
001649,256,256,128,128,0.972637,0
001650,256,256,128,128,0.972637,0
001651,256,256,128,128,0.973803,0
001652,256,256,128,128,0.995391,0
001653,256,256,128,128,0.979340,0
001654,256,256,128,128,0.984609,0
001655,256,256,128,128,0.983836,0
001656,256,256,128,128,0.990127,0
001657,256,256,128,128,0.982673,0
001658,256,256,128,128,0.981855,0
001659,256,256,128,128,0.982928,0
001660,256,256,128,128,0.988769,0
001661,256,256,128,128,0.998884,0
001662,256,256,128,128,0.998572,0
001663,256,256,128,128,0.998910,0
001664,256,256,128,128,0.908093,0
001665,256,256,128,128,0.958861,0
001666,256,256,128,128,0.962024,0
001667,256,256,128,128,0.963327,0
001668,256,256,128,128,0.956740,0
001669,256,256,128,128,0.697293,0
001670,256,256,128,128,0.699986,0
001671,256,256,128,128,0.703612,0
001672,256,256,128,128,0.983691,0
001673,256,256,128,128,0.978627,0
001674,256,256,128,128,0.971507,0
001675,256,256,128,128,0.974343,0
001676,256,256,128,128,0.910535,0
001677,256,256,128,128,0.974323,0
001678,256,256,128,128,0.968074,0
001679,256,256,128,128,0.922396,0
001680,256,256,128,128,0.985837,0
001681,256,256,128,128,0.997606,0
001682,256,256,128,128,0.997611,0
001683,256,256,128,128,0.997583,0
001684,256,256,128,128,0.962372,0
001685,256,256,128,128,0.998842,0
001686,256,256,128,128,0.998879,0
001687,256,256,128,128,0.998893,0
001688,256,256,128,128,0.968593,0
001689,256,256,128,128,0.980983,0
001690,256,256,128,128,0.978360,0
001691,256,256,128,128,0.977424,0
001692,256,256,128,128,0.988957,0
001693,256,256,128,128,0.960522,0
001694,256,256,128,128,0.958018,0
001695,256,256,128,128,0.952240,0
001696,256,256,128,128,0.985271,0
001697,256,256,128,128,0.927428,0
001698,256,256,128,128,0.864293,0
001699,256,256,128,128,0.871093,0
001700,256,256,128,128,0.991927,0
001701,256,256,128,128,0.979091,0
001702,256,256,128,128,0.977038,0
001703,256,256,128,128,0.972143,0
001704,256,256,128,128,0.966053,0
001705,256,256,128,128,0.998106,0
001706,256,256,128,128,0.998455,0
001707,256,256,128,128,0.998344,0
001708,256,256,128,128,0.984317,0
001709,256,256,128,128,0.950803,0
001710,256,256,128,128,0.961726,0
001711,256,256,128,128,0.966851,0
001712,256,256,128,128,0.984673,0
001713,256,256,128,128,0.981525,0
001714,256,256,128,128,0.982214,0
001715,256,256,128,128,0.981539,0
001716,256,256,128,128,0.946419,0
001717,256,256,128,128,0.989394,0
001718,256,256,128,128,0.989159,0
001719,256,256,128,128,0.989196,0
001720,256,256,128,128,0.998081,0
001721,256,256,128,128,0.963809,0
001722,256,256,128,128,0.959297,0
001723,256,256,128,128,0.964591,0
001724,256,256,128,128,0.946276,0
001725,256,256,128,128,0.929687,0
001726,256,256,128,128,0.945427,0
001727,256,256,128,128,0.938796,0
001728,256,256,128,128,0.950455,0
001729,256,256,128,128,0.682003,0
001730,256,256,128,128,0.710165,0
001731,256,256,128,128,0.709420,0
001732,256,256,128,128,0.997232,0
001733,256,256,128,128,0.996508,0
001734,256,256,128,128,0.992965,0
001735,256,256,128,128,0.994680,0
001736,256,256,128,128,0.978980,0
001737,256,256,128,128,0.978829,0
001738,256,256,128,128,0.980797,0
001739,256,256,128,128,0.978411,0
001740,256,256,128,128,0.937144,0
001741,256,256,128,128,0.980546,0
001742,256,256,128,128,0.982200,0
001743,256,256,128,128,0.980527,0
001744,256,256,128,128,0.794673,0
001745,256,256,128,128,0.842240,0
001746,256,256,128,128,0.842038,0
001747,256,256,128,128,0.838831,0
001748,256,256,128,128,0.896466,0
001749,256,256,128,128,0.987479,0
001750,256,256,128,128,0.982325,0
001751,256,256,128,128,0.988770,0
001752,256,256,128,128,0.894182,0
001753,256,256,128,128,0.942975,0
001754,256,256,128,128,0.931159,0
001755,256,256,128,128,0.930913,0
001756,256,256,128,128,0.959860,0
001757,256,256,128,128,0.991558,0
001758,256,256,128,128,0.991351,0
001759,256,256,128,128,0.991810,0
001760,256,256,128,128,0.997136,0
001761,256,256,128,128,0.936899,0
001762,256,256,128,128,0.923136,0
001763,256,256,128,128,0.949959,0
001764,256,256,128,128,0.868708,0
001765,256,256,128,128,0.976437,0
001766,256,256,128,128,0.974856,0
001767,256,256,128,128,0.978393,0
001768,256,256,128,128,0.979676,0
001769,256,256,128,128,0.954122,0
001770,256,256,128,128,0.949542,0
001771,256,256,128,128,0.943296,0
001772,256,256,128,128,0.881579,0
001773,256,256,128,128,0.941084,0
001774,256,256,128,128,0.940210,0
001775,256,256,128,128,0.936138,0
001776,256,256,128,128,0.827332,0
001777,256,256,128,128,0.920928,0
001778,256,256,128,128,0.914021,0
001779,256,256,128,128,0.906188,0
001780,256,256,128,128,0.925947,0
001781,256,256,128,128,0.657248,0
001782,256,256,128,128,0.713575,0
001783,256,256,128,128,0.709979,0
001784,256,256,128,128,0.939842,0
001785,256,256,128,128,0.971334,0
001786,256,256,128,128,0.971332,0
001787,256,256,128,128,0.971339,0
001788,256,256,128,128,0.966472,0
001789,256,256,128,128,0.883386,0
001790,256,256,128,128,0.892229,0
001791,256,256,128,128,0.888959,0
001792,256,256,128,128,0.810105,0
001793,256,256,128,128,0.924624,0
001794,256,256,128,128,0.925498,0
001795,256,256,128,128,0.923780,0
001796,256,256,128,128,0.925505,0
001797,256,256,128,128,0.994928,0
001798,256,256,128,128,0.981462,0
001799,256,256,128,128,0.994593,0
001800,256,256,128,128,0.994428,0
001801,256,256,128,128,0.998327,0
001802,256,256,128,128,0.998627,0
001803,256,256,128,128,0.998312,0
001804,256,256,128,128,0.979119,0
001805,256,256,128,128,0.951869,0
001806,256,256,128,128,0.953852,0
001807,256,256,128,128,0.955402,0
001808,256,256,128,128,0.971573,0
001809,256,256,128,128,0.983541,0
001810,256,256,128,128,0.975467,0
001811,256,256,128,128,0.972421,0
001812,256,256,128,128,0.963590,0
001813,256,256,128,128,0.957740,0
001814,256,256,128,128,0.954677,0
001815,256,256,128,128,0.959901,0
001816,256,256,128,128,0.982347,0
001817,256,256,128,128,0.993712,0
001818,256,256,128,128,0.994428,0
001819,256,256,128,128,0.994009,0
001820,256,256,128,128,0.947164,0
001821,256,256,128,128,0.861095,0
001822,256,256,128,128,0.831234,0
001823,256,256,128,128,0.874531,0
001824,256,256,128,128,0.980311,0
001825,256,256,128,128,0.989822,0
001826,256,256,128,128,0.982746,0
001827,256,256,128,128,0.918749,0
001828,256,256,128,128,0.988278,0
001829,256,256,128,128,0.958284,0
001830,256,256,128,128,0.956267,0
001831,256,256,128,128,0.952011,0
001832,256,256,128,128,0.794116,0
001833,256,256,128,128,0.953370,0
001834,256,256,128,128,0.952259,0
001835,256,256,128,128,0.944749,0
001836,256,256,128,128,0.764941,0
001837,256,256,128,128,0.926701,0
001838,256,256,128,128,0.926721,0
001839,256,256,128,128,0.900585,0
001840,256,256,128,128,0.960668,0
001841,256,256,128,128,0.984685,0
001842,256,256,128,128,0.985470,0
001843,256,256,128,128,0.984834,0
001844,256,256,128,128,0.983469,0
001845,256,256,128,128,0.920751,0
001846,256,256,128,128,0.909718,0
001847,256,256,128,128,0.918761,0
001848,256,256,128,128,0.856484,0
001849,256,256,128,128,0.976584,0
001850,256,256,128,128,0.976676,0
001851,256,256,128,128,0.986691,0
001852,256,256,128,128,0.979245,0
001853,256,256,128,128,0.990665,0
001854,256,256,128,128,0.992869,0
001855,256,256,128,128,0.992131,0
001856,256,256,128,128,0.989543,0
001857,256,256,128,128,0.998497,0
001858,256,256,128,128,0.998778,0
001859,256,256,128,128,0.998758,0
001860,256,256,128,128,0.997108,0
001861,256,256,128,128,0.984618,0
001862,256,256,128,128,0.981218,0
001863,256,256,128,128,0.983968,0
001864,256,256,128,128,0.880417,0
001865,256,256,128,128,0.992129,0
001866,256,256,128,128,0.993487,0
001867,256,256,128,128,0.992906,0
001868,256,256,128,128,0.984604,0
001869,256,256,128,128,0.992777,0
001870,256,256,128,128,0.991317,0
001871,256,256,128,128,0.992599,0
001872,256,256,128,128,0.706962,0
001873,256,256,128,128,0.781990,0
001874,256,256,128,128,0.781581,0
001875,256,256,128,128,0.760047,0
001876,256,256,128,128,0.989753,0
001877,256,256,128,128,0.997646,0
001878,256,256,128,128,0.997258,0
001879,256,256,128,128,0.997797,0
001880,256,256,128,128,0.981558,0
001881,256,256,128,128,0.967328,0
001882,256,256,128,128,0.969908,0
001883,256,256,128,128,0.969543,0
001884,256,256,128,128,0.954424,0
001885,256,256,128,128,0.975638,0
001886,256,256,128,128,0.979570,0
001887,256,256,128,128,0.978955,0
001888,256,256,128,128,0.934984,0
001889,256,256,128,128,0.997869,0
001890,256,256,128,128,0.997451,0
001891,256,256,128,128,0.997934,0
001892,256,256,128,128,0.968811,0
001893,256,256,128,128,0.929877,0
001894,256,256,128,128,0.935168,0
001895,256,256,128,128,0.945199,0
001896,256,256,128,128,0.998332,0
001897,256,256,128,128,0.945445,0
001898,256,256,128,128,0.941719,0
001899,256,256,128,128,0.945917,0
001900,256,256,128,128,0.990525,0
001901,256,256,128,128,0.998079,0
001902,256,256,128,128,0.996384,0
001903,256,256,128,128,0.998405,0
001904,256,256,128,128,0.990082,0
001905,256,256,128,128,0.990241,0
001906,256,256,128,128,0.991292,0
001907,256,256,128,128,0.991305,0
001908,256,256,128,128,0.795326,0
001909,256,256,128,128,0.971192,0
001910,256,256,128,128,0.959625,0
001911,256,256,128,128,0.972871,0
001912,256,256,128,128,0.892196,0
001913,256,256,128,128,0.899946,0
001914,256,256,128,128,0.899784,0
001915,256,256,128,128,0.894541,0
001916,256,256,128,128,0.736941,0
001917,256,256,128,128,0.922891,0
001918,256,256,128,128,0.911791,0
001919,256,256,128,128,0.940587,0
001920,256,256,128,128,0.978909,0
001921,256,256,128,128,0.980224,0
001922,256,256,128,128,0.981226,0
001923,256,256,128,128,0.981217,0
001924,256,256,128,128,0.982831,0
001925,256,256,128,128,0.457603,1
001926,256,256,128,128,0.309584,1
001927,256,256,128,128,0.454674,1
001928,256,256,128,128,0.947997,0
001929,256,256,128,128,0.883216,0
001930,256,256,128,128,0.883266,0
001931,256,256,128,128,0.879380,0
001932,256,256,128,128,0.956727,0
001933,256,256,128,128,0.967112,0
001934,256,256,128,128,0.961692,0
001935,256,256,128,128,0.967683,0
001936,256,256,128,128,0.949303,0
001937,256,256,128,128,0.910697,0
001938,256,256,128,128,0.927153,0
001939,256,256,128,128,0.926849,0
001940,256,256,128,128,0.808758,0
001941,256,256,128,128,0.840896,0
001942,256,256,128,128,0.841264,0
001943,256,256,128,128,0.832505,0
001944,256,256,128,128,0.964836,0
001945,256,256,128,128,0.963776,0
001946,256,256,128,128,0.967190,0
001947,256,256,128,128,0.956391,0
001948,256,256,128,128,0.925150,0
001949,256,256,128,128,0.990087,0
001950,256,256,128,128,0.988868,0
001951,256,256,128,128,0.988506,0
001952,256,256,128,128,0.927632,0
001953,256,256,128,128,0.925350,0
001954,256,256,128,128,0.925551,0
001955,256,256,128,128,0.958098,0
001956,256,256,128,128,0.764310,0
001957,256,256,128,128,0.982753,0
001958,256,256,128,128,0.988323,0
001959,256,256,128,128,0.985329,0
001960,256,256,128,128,0.987814,0
001961,256,256,128,128,0.995067,0
001962,256,256,128,128,0.991754,0
001963,256,256,128,128,0.994423,0
001964,256,256,128,128,0.950298,0
001965,256,256,128,128,0.987462,0
001966,256,256,128,128,0.987547,0
001967,256,256,128,128,0.989057,0
001968,256,256,128,128,0.998488,0
001969,256,256,128,128,0.981439,0
001970,256,256,128,128,0.980209,0
001971,256,256,128,128,0.982569,0
001972,256,256,128,128,0.834403,0
001973,256,256,128,128,0.930661,0
001974,256,256,128,128,0.932804,0
001975,256,256,128,128,0.939965,0
001976,256,256,128,128,0.849414,0
001977,256,256,128,128,0.435078,1
001978,256,256,128,128,0.423817,1
001979,256,256,128,128,0.419793,1
001980,256,256,128,128,0.974012,0
001981,256,256,128,128,0.970983,0
001982,256,256,128,128,0.973575,0
001983,256,256,128,128,0.968926,0
001984,256,256,128,128,0.995474,0
001985,256,256,128,128,0.996514,0
001986,256,256,128,128,0.997117,0
001987,256,256,128,128,0.996435,0
001988,256,256,128,128,0.987891,0
001989,256,256,128,128,0.999470,0
001990,256,256,128,128,0.999314,0
001991,256,256,128,128,0.999394,0
001992,256,256,128,128,0.952520,0
001993,256,256,128,128,0.942606,0
001994,256,256,128,128,0.951605,0
001995,256,256,128,128,0.950993,0
001996,256,256,128,128,0.974958,0
001997,256,256,128,128,0.968007,0
001998,256,256,128,128,0.972589,0
001999,256,256,128,128,0.970492,0
002000,256,256,128,128,0.910543,0
002001,256,256,128,128,0.972977,0
002002,256,256,128,128,0.976824,0
002003,256,256,128,128,0.976179,0
002004,256,256,128,128,0.985001,0
002005,256,256,128,128,0.732823,0
002006,256,256,128,128,0.700431,0
002007,256,256,128,128,0.732812,0
002008,256,256,128,128,0.928259,0
002009,256,256,128,128,0.995571,0
002010,256,256,128,128,0.996365,0
002011,256,256,128,128,0.996635,0
002012,256,256,128,128,0.968904,0
002013,256,256,128,128,0.992072,0
002014,256,256,128,128,0.991116,0
002015,256,256,128,128,0.989886,0
002016,256,256,128,128,0.983462,0
002017,256,256,128,128,0.922548,0
002018,256,256,128,128,0.910841,0
002019,256,256,128,128,0.915328,0
002020,256,256,128,128,0.970027,0
002021,256,256,128,128,0.973542,0
002022,256,256,128,128,0.965505,0
002023,256,256,128,128,0.974186,0
002024,256,256,128,128,0.861586,0
002025,256,256,128,128,0.912721,0
002026,256,256,128,128,0.927324,0
002027,256,256,128,128,0.945125,0
002028,256,256,128,128,0.876235,0
002029,256,256,128,128,0.956819,0
002030,256,256,128,128,0.928326,0
002031,256,256,128,128,0.947044,0
002032,256,256,128,128,0.891744,0
002033,256,256,128,128,0.849185,0
002034,256,256,128,128,0.847608,0
002035,256,256,128,128,0.855009,0
002036,256,256,128,128,0.998589,0
002037,256,256,128,128,0.968162,0
002038,256,256,128,128,0.961367,0
002039,256,256,128,128,0.969569,0
002040,256,256,128,128,0.899307,0
002041,256,256,128,128,0.657057,0
002042,256,256,128,128,0.663284,0
002043,256,256,128,128,0.657085,0
002044,256,256,128,128,0.948096,0
002045,256,256,128,128,0.819615,0
002046,256,256,128,128,0.820035,0
002047,256,256,128,128,0.824304,0
002048,256,256,128,128,0.940755,0
002049,256,256,128,128,0.973070,0
002050,256,256,128,128,0.970802,0
002051,256,256,128,128,0.967967,0
002052,256,256,128,128,0.982515,0
002053,256,256,128,128,0.876998,0
002054,256,256,128,128,0.889709,0
002055,256,256,128,128,0.891883,0
002056,256,256,128,128,0.968516,0
002057,256,256,128,128,0.980130,0
002058,256,256,128,128,0.981248,0
002059,256,256,128,128,0.981259,0
002060,256,256,128,128,0.939927,0
002061,256,256,128,128,0.975145,0
002062,256,256,128,128,0.971835,0
002063,256,256,128,128,0.975176,0
002064,256,256,128,128,0.958275,0
002065,256,256,128,128,0.931644,0
002066,256,256,128,128,0.933011,0
002067,256,256,128,128,0.931118,0
002068,256,256,128,128,0.949459,0
002069,256,256,128,128,0.986628,0
002070,256,256,128,128,0.986910,0
002071,256,256,128,128,0.985331,0
002072,256,256,128,128,0.828600,0
002073,256,256,128,128,0.851559,0
002074,256,256,128,128,0.850443,0
002075,256,256,128,128,0.838298,0
002076,256,256,128,128,0.986995,0
002077,256,256,128,128,0.908236,0
002078,256,256,128,128,0.905816,0
002079,256,256,128,128,0.907873,0
002080,256,256,128,128,0.925803,0
002081,256,256,128,128,0.975682,0
002082,256,256,128,128,0.972891,0
002083,256,256,128,128,0.977118,0
002084,256,256,128,128,0.991882,0
002085,256,256,128,128,0.892825,0
002086,256,256,128,128,0.903749,0
002087,256,256,128,128,0.903743,0
002088,256,256,128,128,0.943799,0
002089,256,256,128,128,0.997356,0
002090,256,256,128,128,0.997557,0
002091,256,256,128,128,0.997248,0
002092,256,256,128,128,0.913156,0
002093,256,256,128,128,0.994027,0
002094,256,256,128,128,0.991230,0
002095,256,256,128,128,0.994027,0
002096,256,256,128,128,0.846238,0
002097,256,256,128,128,0.985233,0
002098,256,256,128,128,0.987025,0
002099,256,256,128,128,0.984899,0
002100,256,256,128,128,0.967733,0
002101,256,256,128,128,0.992356,0
002102,256,256,128,128,0.992481,0
002103,256,256,128,128,0.989214,0
002104,256,256,128,128,0.994336,0
002105,256,256,128,128,0.974421,0
002106,256,256,128,128,0.966152,0
002107,256,256,128,128,0.965856,0
002108,256,256,128,128,0.965069,0
002109,256,256,128,128,0.942373,0
002110,256,256,128,128,0.941348,0
002111,256,256,128,128,0.942372,0
002112,256,256,128,128,0.986717,0
002113,256,256,128,128,0.992285,0
002114,256,256,128,128,0.992475,0
002115,256,256,128,128,0.991398,0
002116,256,256,128,128,0.995827,0
002117,256,256,128,128,0.913653,0
002118,256,256,128,128,0.911381,0
002119,256,256,128,128,0.892978,0
002120,256,256,128,128,0.973329,0
002121,256,256,128,128,0.976795,0
002122,256,256,128,128,0.976789,0
002123,256,256,128,128,0.979325,0
002124,256,256,128,128,0.810423,0
002125,256,256,128,128,0.811547,0
002126,256,256,128,128,0.813506,0
002127,256,256,128,128,0.812940,0
002128,256,256,128,128,0.947178,0
002129,256,256,128,128,0.713015,0
002130,256,256,128,128,0.792958,0
002131,256,256,128,128,0.749202,0
002132,256,256,128,128,0.968057,0
002133,256,256,128,128,0.813906,0
002134,256,256,128,128,0.813209,0
002135,256,256,128,128,0.823285,0
002136,256,256,128,128,0.916377,0
002137,256,256,128,128,0.988993,0
002138,256,256,128,128,0.988579,0
002139,256,256,128,128,0.988905,0
002140,256,256,128,128,0.951437,0
002141,256,256,128,128,0.909096,0
002142,256,256,128,128,0.908672,0
002143,256,256,128,128,0.977649,0
002144,256,256,128,128,0.977107,0
002145,256,256,128,128,0.735477,0
002146,256,256,128,128,0.734470,0
002147,256,256,128,128,0.741715,0
002148,256,256,128,128,0.996827,0
002149,256,256,128,128,0.996679,0
002150,256,256,128,128,0.996358,0
002151,256,256,128,128,0.996621,0
002152,256,256,128,128,0.962164,0
002153,256,256,128,128,0.935752,0
002154,256,256,128,128,0.932781,0
002155,256,256,128,128,0.924517,0
002156,256,256,128,128,0.965590,0
002157,256,256,128,128,0.987379,0
002158,256,256,128,128,0.985951,0
002159,256,256,128,128,0.987257,0
002160,256,256,128,128,0.929911,0
002161,256,256,128,128,0.894877,0
002162,256,256,128,128,0.910730,0
002163,256,256,128,128,0.926355,0
002164,256,256,128,128,0.955273,0
002165,256,256,128,128,0.991311,0
002166,256,256,128,128,0.990515,0
002167,256,256,128,128,0.991302,0
002168,256,256,128,128,0.995514,0
002169,256,256,128,128,0.995203,0
002170,256,256,128,128,0.996137,0
002171,256,256,128,128,0.996334,0
002172,256,256,128,128,0.988860,0
002173,256,256,128,128,0.972814,0
002174,256,256,128,128,0.974964,0
002175,256,256,128,128,0.978704,0
002176,256,256,128,128,0.965765,0
002177,256,256,128,128,0.840585,0
002178,256,256,128,128,0.838301,0
002179,256,256,128,128,0.840405,0
002180,256,256,128,128,0.949658,0
002181,256,256,128,128,0.974018,0
002182,256,256,128,128,0.972249,0
002183,256,256,128,128,0.976284,0
002184,256,256,128,128,0.944285,0
002185,256,256,128,128,0.998578,0
002186,256,256,128,128,0.998508,0
002187,256,256,128,128,0.998439,0
002188,256,256,128,128,0.965214,0
002189,256,256,128,128,0.971800,0
002190,256,256,128,128,0.964898,0
002191,256,256,128,128,0.971589,0
002192,256,256,128,128,0.985080,0
002193,256,256,128,128,0.989265,0
002194,256,256,128,128,0.987946,0
002195,256,256,128,128,0.989247,0
002196,256,256,128,128,0.945929,0
002197,256,256,128,128,0.966255,0
002198,256,256,128,128,0.969066,0
002199,256,256,128,128,0.966257,0
002200,256,256,128,128,0.945496,0
002201,256,256,128,128,0.860945,0
002202,256,256,128,128,0.860994,0
002203,256,256,128,128,0.861007,0
002204,256,256,128,128,0.940930,0
002205,256,256,128,128,0.894119,0
002206,256,256,128,128,0.894481,0
002207,256,256,128,128,0.895664,0
002208,256,256,128,128,0.789542,0
002209,256,256,128,128,0.813250,0
002210,256,256,128,128,0.824426,0
002211,256,256,128,128,0.821254,0
002212,256,256,128,128,0.655239,0
002213,256,256,128,128,0.879353,0
002214,256,256,128,128,0.899542,0
002215,256,256,128,128,0.886084,0
002216,256,256,128,128,0.897807,0
002217,256,256,128,128,0.974902,0
002218,256,256,128,128,0.974683,0
002219,256,256,128,128,0.957477,0
002220,256,256,128,128,0.996461,0
002221,256,256,128,128,0.998417,0
002222,256,256,128,128,0.998464,0
002223,256,256,128,128,0.998853,0
002224,256,256,128,128,0.859745,0
002225,256,256,128,128,0.841301,0
002226,256,256,128,128,0.840799,0
002227,256,256,128,128,0.841360,0
002228,256,256,128,128,0.785972,0
002229,256,256,128,128,0.996299,0
002230,256,256,128,128,0.997674,0
002231,256,256,128,128,0.995043,0
002232,256,256,128,128,0.985134,0
002233,256,256,128,128,0.947047,0
002234,256,256,128,128,0.946192,0
002235,256,256,128,128,0.946512,0
002236,256,256,128,128,0.895650,0
002237,256,256,128,128,0.954675,0
002238,256,256,128,128,0.942349,0
002239,256,256,128,128,0.924287,0
002240,256,256,128,128,0.975275,0
002241,256,256,128,128,0.953299,0
002242,256,256,128,128,0.953753,0
002243,256,256,128,128,0.953659,0
002244,256,256,128,128,0.695719,0
002245,256,256,128,128,0.938803,0
002246,256,256,128,128,0.959484,0
002247,256,256,128,128,0.942487,0
002248,256,256,128,128,0.866018,0
002249,256,256,128,128,0.979518,0
002250,256,256,128,128,0.977710,0
002251,256,256,128,128,0.960841,0
002252,256,256,128,128,0.974055,0
002253,256,256,128,128,0.977588,0
002254,256,256,128,128,0.979166,0
002255,256,256,128,128,0.977772,0
002256,256,256,128,128,0.933748,0
002257,256,256,128,128,0.837648,0
002258,256,256,128,128,0.837546,0
002259,256,256,128,128,0.834545,0
002260,256,256,128,128,0.858958,0
002261,256,256,128,128,0.996843,0
002262,256,256,128,128,0.996729,0
002263,256,256,128,128,0.996951,0
002264,256,256,128,128,0.764610,0
002265,256,256,128,128,0.910741,0
002266,256,256,128,128,0.899873,0
002267,256,256,128,128,0.907578,0
002268,256,256,128,128,0.983292,0
002269,256,256,128,128,0.985720,0
002270,256,256,128,128,0.985047,0
002271,256,256,128,128,0.985041,0
002272,256,256,128,128,0.977970,0
002273,256,256,128,128,0.980054,0
002274,256,256,128,128,0.980006,0
002275,256,256,128,128,0.979994,0
002276,256,256,128,128,0.979778,0
002277,256,256,128,128,0.957908,0
002278,256,256,128,128,0.970952,0
002279,256,256,128,128,0.973814,0
002280,256,256,128,128,0.991510,0
002281,256,256,128,128,0.971731,0
002282,256,256,128,128,0.973055,0
002283,256,256,128,128,0.972503,0
002284,256,256,128,128,0.905615,0
002285,256,256,128,128,0.837943,0
002286,256,256,128,128,0.854242,0
002287,256,256,128,128,0.849616,0
002288,256,256,128,128,0.992307,0
002289,256,256,128,128,0.991335,0
002290,256,256,128,128,0.992033,0
002291,256,256,128,128,0.991994,0
002292,256,256,128,128,0.988447,0
002293,256,256,128,128,0.888130,0
002294,256,256,128,128,0.880264,0
002295,256,256,128,128,0.896687,0
002296,256,256,128,128,0.925732,0
002297,256,256,128,128,0.908093,0
002298,256,256,128,128,0.909519,0
002299,256,256,128,128,0.895278,0
002300,256,256,128,128,0.943785,0
002301,256,256,128,128,0.995472,0
002302,256,256,128,128,0.995539,0
002303,256,256,128,128,0.994614,0
002304,256,256,128,128,0.934351,0
002305,256,256,128,128,0.948794,0
002306,256,256,128,128,0.962424,0
002307,256,256,128,128,0.950775,0
002308,256,256,128,128,0.979641,0
002309,256,256,128,128,0.987893,0
002310,256,256,128,128,0.987078,0
002311,256,256,128,128,0.987486,0
002312,256,256,128,128,0.996225,0
002313,256,256,128,128,0.978275,0
002314,256,256,128,128,0.984531,0
002315,256,256,128,128,0.978185,0
002316,256,256,128,128,0.983867,0
002317,256,256,128,128,0.675075,0
002318,256,256,128,128,0.680290,0
002319,256,256,128,128,0.680329,0
002320,256,256,128,128,0.960389,0
002321,256,256,128,128,0.972385,0
002322,256,256,128,128,0.972388,0
002323,256,256,128,128,0.975038,0
002324,256,256,128,128,0.993886,0
002325,256,256,128,128,0.995561,0
002326,256,256,128,128,0.995909,0
002327,256,256,128,128,0.994250,0
002328,256,256,128,128,0.875435,0
002329,256,256,128,128,0.059018,1
002330,256,256,128,128,0.069875,1
002331,256,256,128,128,0.052013,1
002332,256,256,128,128,0.861717,0
002333,256,256,128,128,0.963195,0
002334,256,256,128,128,0.945939,0
002335,256,256,128,128,0.958707,0
002336,256,256,128,128,0.950471,0
002337,256,256,128,128,0.979638,0
002338,256,256,128,128,0.973797,0
002339,256,256,128,128,0.975942,0
002340,256,256,128,128,0.914503,0
002341,256,256,128,128,0.972006,0
002342,256,256,128,128,0.974940,0
002343,256,256,128,128,0.974745,0
002344,256,256,128,128,0.983212,0
002345,256,256,128,128,0.962215,0
002346,256,256,128,128,0.963630,0
002347,256,256,128,128,0.964980,0
002348,256,256,128,128,0.977759,0
002349,256,256,128,128,0.927011,0
002350,256,256,128,128,0.904591,0
002351,256,256,128,128,0.895190,0
002352,256,256,128,128,0.937339,0
002353,256,256,128,128,0.999235,0
002354,256,256,128,128,0.999185,0
002355,256,256,128,128,0.999274,0
002356,256,256,128,128,0.965858,0
002357,256,256,128,128,0.976345,0
002358,256,256,128,128,0.959513,0
002359,256,256,128,128,0.970397,0
002360,256,256,128,128,0.839195,0
002361,256,256,128,128,0.979612,0
002362,256,256,128,128,0.979212,0
002363,256,256,128,128,0.979332,0
002364,256,256,128,128,0.933124,0
002365,256,256,128,128,0.993418,0
002366,256,256,128,128,0.995173,0
002367,256,256,128,128,0.994521,0
002368,256,256,128,128,0.987879,0
002369,256,256,128,128,0.996960,0
002370,256,256,128,128,0.997040,0
002371,256,256,128,128,0.997788,0
002372,256,256,128,128,0.960771,0
002373,256,256,128,128,0.982800,0
002374,256,256,128,128,0.977393,0
002375,256,256,128,128,0.982468,0
002376,256,256,128,128,0.996978,0
002377,256,256,128,128,0.970466,0
002378,256,256,128,128,0.970476,0
002379,256,256,128,128,0.968224,0
002380,256,256,128,128,0.974588,0
002381,256,256,128,128,0.941363,0
002382,256,256,128,128,0.941700,0
002383,256,256,128,128,0.944961,0
002384,256,256,128,128,0.990076,0
002385,256,256,128,128,0.865697,0
002386,256,256,128,128,0.899951,0
002387,256,256,128,128,0.737261,0
002388,256,256,128,128,0.964678,0
002389,256,256,128,128,0.953931,0
002390,256,256,128,128,0.953732,0
002391,256,256,128,128,0.950120,0
002392,256,256,128,128,0.979012,0
002393,256,256,128,128,0.905709,0
002394,256,256,128,128,0.906834,0
002395,256,256,128,128,0.917637,0
002396,256,256,128,128,0.942346,0
002397,256,256,128,128,0.972862,0
002398,256,256,128,128,0.970572,0
002399,256,256,128,128,0.949395,0
002400,256,256,128,128,0.942708,0
002401,256,256,128,128,0.846555,0
002402,256,256,128,128,0.843356,0
002403,256,256,128,128,0.857677,0
002404,256,256,128,128,0.935905,0
002405,256,256,128,128,0.996066,0
002406,256,256,128,128,0.996286,0
002407,256,256,128,128,0.997291,0
002408,256,256,128,128,0.983251,0
002409,256,256,128,128,0.903453,0
002410,256,256,128,128,0.904999,0
002411,256,256,128,128,0.885963,0
002412,256,256,128,128,0.952637,0
002413,256,256,128,128,0.999176,0
002414,256,256,128,128,0.999150,0
002415,256,256,128,128,0.999165,0
002416,256,256,128,128,0.754920,0
002417,256,256,128,128,0.934098,0
002418,256,256,128,128,0.932804,0
002419,256,256,128,128,0.919302,0
002420,256,256,128,128,0.985992,0
002421,256,256,128,128,0.992538,0
002422,256,256,128,128,0.992510,0
002423,256,256,128,128,0.992952,0
002424,256,256,128,128,0.998528,0
002425,256,256,128,128,0.998155,0
002426,256,256,128,128,0.996850,0
002427,256,256,128,128,0.997785,0
002428,256,256,128,128,0.978868,0
002429,256,256,128,128,0.985116,0
002430,256,256,128,128,0.980268,0
002431,256,256,128,128,0.978854,0
002432,256,256,128,128,0.978227,0
002433,256,256,128,128,0.975307,0
002434,256,256,128,128,0.975280,0
002435,256,256,128,128,0.974315,0
002436,256,256,128,128,0.927678,0
002437,256,256,128,128,0.578922,0
002438,256,256,128,128,0.505478,0
002439,256,256,128,128,0.511314,0
002440,256,256,128,128,0.950263,0
002441,256,256,128,128,0.970097,0
002442,256,256,128,128,0.965688,0
002443,256,256,128,128,0.971642,0
002444,256,256,128,128,0.991017,0
002445,256,256,128,128,0.978943,0
002446,256,256,128,128,0.981062,0
002447,256,256,128,128,0.981032,0
002448,256,256,128,128,0.995339,0
002449,256,256,128,128,0.987735,0
002450,256,256,128,128,0.987893,0
002451,256,256,128,128,0.986048,0
002452,256,256,128,128,0.994755,0
002453,256,256,128,128,0.986390,0
002454,256,256,128,128,0.986402,0
002455,256,256,128,128,0.988524,0
002456,256,256,128,128,0.986306,0
002457,256,256,128,128,0.927009,0
002458,256,256,128,128,0.934673,0
002459,256,256,128,128,0.924126,0
002460,256,256,128,128,0.971485,0
002461,256,256,128,128,0.988700,0
002462,256,256,128,128,0.989374,0
002463,256,256,128,128,0.988706,0
002464,256,256,128,128,0.993036,0
002465,256,256,128,128,0.957484,0
002466,256,256,128,128,0.952700,0
002467,256,256,128,128,0.957006,0
002468,256,256,128,128,0.861553,0
002469,256,256,128,128,0.992972,0
002470,256,256,128,128,0.995491,0
002471,256,256,128,128,0.690882,0
002472,256,256,128,128,0.812238,0
002473,256,256,128,128,0.744478,0
002474,256,256,128,128,0.750878,0
002475,256,256,128,128,0.748391,0
002476,256,256,128,128,0.964482,0
002477,256,256,128,128,0.998219,0
002478,256,256,128,128,0.998031,0
002479,256,256,128,128,0.998158,0
002480,256,256,128,128,0.958002,0
002481,256,256,128,128,0.876204,0
002482,256,256,128,128,0.845298,0
002483,256,256,128,128,0.881848,0
002484,256,256,128,128,0.991625,0
002485,256,256,128,128,0.985482,0
002486,256,256,128,128,0.985367,0
002487,256,256,128,128,0.981513,0
002488,256,256,128,128,0.972148,0
002489,256,256,128,128,0.970442,0
002490,256,256,128,128,0.972652,0
002491,256,256,128,128,0.967107,0
002492,256,256,128,128,0.931820,0
002493,256,256,128,128,0.844491,0
002494,256,256,128,128,0.844441,0
002495,256,256,128,128,0.844445,0
002496,256,256,128,128,0.905762,0
002497,256,256,128,128,0.992143,0
002498,256,256,128,128,0.991206,0
002499,256,256,128,128,0.992326,0
002500,256,256,128,128,0.962153,0
002501,256,256,128,128,0.765296,0
002502,256,256,128,128,0.736562,0
002503,256,256,128,128,0.737732,0
002504,256,256,128,128,0.978677,0
002505,256,256,128,128,0.999783,0
002506,256,256,128,128,0.999782,0
002507,256,256,128,128,0.999784,0
002508,256,256,128,128,0.980852,0
002509,256,256,128,128,0.875924,0
002510,256,256,128,128,0.878826,0
002511,256,256,128,128,0.875892,0
002512,256,256,128,128,0.938920,0
002513,256,256,128,128,0.965330,0
002514,256,256,128,128,0.968463,0
002515,256,256,128,128,0.966267,0
002516,256,256,128,128,0.965882,0
002517,256,256,128,128,0.830452,0
002518,256,256,128,128,0.833721,0
002519,256,256,128,128,0.842889,0
002520,256,256,128,128,0.975435,0
002521,256,256,128,128,0.990154,0
002522,256,256,128,128,0.991483,0
002523,256,256,128,128,0.990223,0
002524,256,256,128,128,0.959304,0
002525,256,256,128,128,0.954041,0
002526,256,256,128,128,0.954048,0
002527,256,256,128,128,0.954039,0
002528,256,256,128,128,0.987824,0
002529,256,256,128,128,0.999049,0
002530,256,256,128,128,0.999087,0
002531,256,256,128,128,0.999083,0
002532,256,256,128,128,0.978822,0
002533,256,256,128,128,0.440614,1
002534,256,256,128,128,0.442997,1
002535,256,256,128,128,0.441651,1
002536,256,256,128,128,0.929646,0
002537,256,256,128,128,0.003038,1
002538,256,256,128,128,0.002540,1
002539,256,256,128,128,-0.001288,1
002540,256,256,128,128,0.711116,0
002541,256,256,128,128,0.568406,0
002542,256,256,128,128,0.574928,0
002543,256,256,128,128,0.577706,0
002544,256,256,128,128,0.954608,0
002545,256,256,128,128,0.957605,0
002546,256,256,128,128,0.960585,0
002547,256,256,128,128,0.966211,0
002548,256,256,128,128,0.987694,0
002549,256,256,128,128,0.958086,0
002550,256,256,128,128,0.966778,0
002551,256,256,128,128,0.968571,0
002552,256,256,128,128,0.961547,0
002553,256,256,128,128,0.986226,0
002554,256,256,128,128,0.984362,0
002555,256,256,128,128,0.986366,0
002556,256,256,128,128,0.982601,0
002557,256,256,128,128,0.946012,0
002558,256,256,128,128,0.941615,0
002559,256,256,128,128,0.937951,0
002560,256,256,128,128,0.942878,0
002561,256,256,128,128,0.954074,0
002562,256,256,128,128,0.961522,0
002563,256,256,128,128,0.954066,0
002564,256,256,128,128,0.848269,0
002565,256,256,128,128,0.829948,0
002566,256,256,128,128,0.837416,0
002567,256,256,128,128,0.808842,0
002568,256,256,128,128,0.983076,0
002569,256,256,128,128,0.952611,0
002570,256,256,128,128,0.946811,0
002571,256,256,128,128,0.946437,0
002572,256,256,128,128,0.998172,0
002573,256,256,128,128,0.993627,0
002574,256,256,128,128,0.993827,0
002575,256,256,128,128,0.994095,0
002576,256,256,128,128,0.869697,0
002577,256,256,128,128,0.987223,0
002578,256,256,128,128,0.988008,0
002579,256,256,128,128,0.984303,0
002580,256,256,128,128,0.770051,0
002581,256,256,128,128,0.909364,0
002582,256,256,128,128,0.902333,0
002583,256,256,128,128,0.911750,0
002584,256,256,128,128,0.940000,0
002585,256,256,128,128,0.976659,0
002586,256,256,128,128,0.975607,0
002587,256,256,128,128,0.975875,0
002588,256,256,128,128,0.953650,0
002589,256,256,128,128,0.976878,0
002590,256,256,128,128,0.977467,0
002591,256,256,128,128,0.974348,0
002592,256,256,128,128,0.993971,0
002593,256,256,128,128,0.988507,0
002594,256,256,128,128,0.990129,0
002595,256,256,128,128,0.990855,0
002596,256,256,128,128,0.998689,0
002597,256,256,128,128,0.955694,0
002598,256,256,128,128,0.949492,0
002599,256,256,128,128,0.951519,0
002600,256,256,128,128,0.993764,0
002601,256,256,128,128,0.958511,0
002602,256,256,128,128,0.959360,0
002603,256,256,128,128,0.960312,0
002604,256,256,128,128,0.980156,0
002605,256,256,128,128,0.814890,0
002606,256,256,128,128,0.834314,0
002607,256,256,128,128,0.817312,0
002608,256,256,128,128,0.995093,0
002609,256,256,128,128,0.932398,0
002610,256,256,128,128,0.933668,0
002611,256,256,128,128,0.932115,0
002612,256,256,128,128,0.992402,0
002613,256,256,128,128,0.998370,0
002614,256,256,128,128,0.997571,0
002615,256,256,128,128,0.997747,0
002616,256,256,128,128,0.913825,0
002617,256,256,128,128,0.989980,0
002618,256,256,128,128,0.993453,0
002619,256,256,128,128,0.990075,0
002620,256,256,128,128,0.878275,0
002621,256,256,128,128,0.984311,0
002622,256,256,128,128,0.983028,0
002623,256,256,128,128,0.974370,0
002624,256,256,128,128,0.931560,0
002625,256,256,128,128,0.872046,0
002626,256,256,128,128,0.841541,0
002627,256,256,128,128,0.872057,0
002628,256,256,128,128,0.998567,0
002629,256,256,128,128,0.982334,0
002630,256,256,128,128,0.979721,0
002631,256,256,128,128,0.979722,0
002632,256,256,128,128,0.975767,0
002633,256,256,128,128,0.763075,0
002634,256,256,128,128,0.733599,0
002635,256,256,128,128,0.544012,0
002636,256,256,128,128,0.799424,0
002637,256,256,128,128,0.000781,1
002638,256,256,128,128,-0.004353,1
002639,256,256,128,128,0.004153,1
002640,256,256,128,128,0.970777,0
002641,256,256,128,128,0.753810,0
002642,256,256,128,128,0.756593,0
002643,256,256,128,128,0.753852,0
002644,256,256,128,128,0.978923,0
002645,256,256,128,128,0.994087,0
002646,256,256,128,128,0.993965,0
002647,256,256,128,128,0.994930,0
002648,256,256,128,128,0.984197,0
002649,256,256,128,128,0.920436,0
002650,256,256,128,128,0.920413,0
002651,256,256,128,128,0.929596,0
002652,256,256,128,128,0.907547,0
002653,256,256,128,128,0.922470,0
002654,256,256,128,128,0.927197,0
002655,256,256,128,128,0.922601,0
002656,256,256,128,128,0.959930,0
002657,256,256,128,128,0.931017,0
002658,256,256,128,128,0.930297,0
002659,256,256,128,128,0.930922,0
002660,256,256,128,128,0.977199,0
002661,256,256,128,128,0.988733,0
002662,256,256,128,128,0.989322,0
002663,256,256,128,128,0.988735,0
002664,256,256,128,128,0.991731,0
002665,256,256,128,128,0.948282,0
002666,256,256,128,128,0.921041,0
002667,256,256,128,128,0.945180,0
002668,256,256,128,128,0.960175,0
002669,256,256,128,128,0.964554,0
002670,256,256,128,128,0.972888,0
002671,256,256,128,128,0.963281,0
002672,256,256,128,128,0.894494,0
002673,256,256,128,128,0.961398,0
002674,256,256,128,128,0.962841,0
002675,256,256,128,128,0.957619,0
002676,256,256,128,128,0.974439,0
002677,256,256,128,128,0.956014,0
002678,256,256,128,128,0.956067,0
002679,256,256,128,128,0.951878,0
002680,256,256,128,128,0.956389,0
002681,256,256,128,128,0.861268,0
002682,256,256,128,128,0.861365,0
002683,256,256,128,128,0.862227,0
002684,256,256,128,128,0.938945,0
002685,256,256,128,128,0.945195,0
002686,256,256,128,128,0.948260,0
002687,256,256,128,128,0.959572,0
002688,256,256,128,128,0.978119,0
002689,256,256,128,128,0.985207,0
002690,256,256,128,128,0.980826,0
002691,256,256,128,128,0.983300,0
002692,256,256,128,128,0.996483,0
002693,256,256,128,128,0.981959,0
002694,256,256,128,128,0.770967,0
002695,256,256,128,128,0.774087,0
002696,256,256,128,128,0.997616,0
002697,256,256,128,128,0.861417,0
002698,256,256,128,128,0.859721,0
002699,256,256,128,128,0.869932,0
002700,256,256,128,128,0.872717,0
002701,256,256,128,128,0.985958,0
002702,256,256,128,128,0.985012,0
002703,256,256,128,128,0.984854,0
002704,256,256,128,128,0.845469,0
002705,256,256,128,128,0.885675,0
002706,256,256,128,128,0.878792,0
002707,256,256,128,128,0.885687,0
002708,256,256,128,128,0.963843,0
002709,256,256,128,128,0.949805,0
002710,256,256,128,128,0.937617,0
002711,256,256,128,128,0.950989,0
002712,256,256,128,128,0.984663,0
002713,256,256,128,128,0.483040,1
002714,256,256,128,128,0.497016,1
002715,256,256,128,128,0.554942,0
002716,256,256,128,128,0.770766,0
002717,256,256,128,128,0.901222,0
002718,256,256,128,128,0.888566,0
002719,256,256,128,128,0.895877,0
002720,256,256,128,128,0.889389,0
002721,256,256,128,128,0.868480,0
002722,256,256,128,128,0.867367,0
002723,256,256,128,128,0.837517,0
002724,256,256,128,128,0.961219,0
002725,256,256,128,128,0.973980,0
002726,256,256,128,128,0.978495,0
002727,256,256,128,128,0.978823,0
002728,256,256,128,128,0.757526,0
002729,256,256,128,128,0.989478,0
002730,256,256,128,128,0.989952,0
002731,256,256,128,128,0.988092,0
002732,256,256,128,128,0.960927,0
002733,256,256,128,128,0.984006,0
002734,256,256,128,128,0.985541,0
002735,256,256,128,128,0.984077,0
002736,256,256,128,128,0.977234,0
002737,256,256,128,128,0.975733,0
002738,256,256,128,128,0.979013,0
002739,256,256,128,128,0.981101,0
002740,256,256,128,128,0.995556,0
002741,256,256,128,128,0.777831,0
002742,256,256,128,128,0.824685,0
002743,256,256,128,128,0.778684,0
002744,256,256,128,128,0.927168,0
002745,256,256,128,128,0.971123,0
002746,256,256,128,128,0.957346,0
002747,256,256,128,128,0.968293,0
002748,256,256,128,128,0.990901,0
002749,256,256,128,128,0.599933,0
002750,256,256,128,128,0.604315,0
002751,256,256,128,128,0.599444,0
002752,256,256,128,128,0.967215,0
002753,256,256,128,128,0.974072,0
002754,256,256,128,128,0.996715,0
002755,256,256,128,128,0.996802,0
002756,256,256,128,128,0.872962,0
002757,256,256,128,128,0.704020,0
002758,256,256,128,128,0.605859,0
002759,256,256,128,128,0.691187,0
002760,256,256,128,128,0.981391,0
002761,256,256,128,128,0.940769,0
002762,256,256,128,128,0.908166,0
002763,256,256,128,128,0.986457,0
002764,256,256,128,128,0.958054,0
002765,256,256,128,128,0.992864,0
002766,256,256,128,128,0.992595,0
002767,256,256,128,128,0.993762,0
002768,256,256,128,128,0.986171,0
002769,256,256,128,128,0.847373,0
002770,256,256,128,128,0.863320,0
002771,256,256,128,128,0.842386,0
002772,256,256,128,128,0.792255,0
002773,256,256,128,128,0.980530,0
002774,256,256,128,128,0.987647,0
002775,256,256,128,128,0.978199,0
002776,256,256,128,128,0.830247,0
002777,256,256,128,128,0.848774,0
002778,256,256,128,128,0.854605,0
002779,256,256,128,128,0.853822,0
002780,256,256,128,128,0.983260,0
002781,256,256,128,128,0.880986,0
002782,256,256,128,128,0.880998,0
002783,256,256,128,128,0.886470,0
002784,256,256,128,128,0.978045,0
002785,256,256,128,128,0.842166,0
002786,256,256,128,128,0.849622,0
002787,256,256,128,128,0.874747,0
002788,256,256,128,128,0.988194,0
002789,256,256,128,128,0.797920,0
002790,256,256,128,128,0.777728,0
002791,256,256,128,128,0.795530,0
002792,256,256,128,128,0.979475,0
002793,256,256,128,128,0.994647,0
002794,256,256,128,128,0.995256,0
002795,256,256,128,128,0.993991,0
002796,256,256,128,128,0.949770,0
002797,256,256,128,128,0.982466,0
002798,256,256,128,128,0.982557,0
002799,256,256,128,128,0.974286,0
002800,256,256,128,128,0.916649,0
002801,256,256,128,128,0.982485,0
002802,256,256,128,128,0.981642,0
002803,256,256,128,128,0.976176,0
002804,256,256,128,128,0.955218,0
002805,256,256,128,128,0.919366,0
002806,256,256,128,128,0.865816,0
002807,256,256,128,128,0.906491,0
002808,256,256,128,128,0.917930,0
002809,256,256,128,128,0.837157,0
002810,256,256,128,128,0.854149,0
002811,256,256,128,128,0.848433,0
002812,256,256,128,128,0.984089,0
002813,256,256,128,128,0.991919,0
002814,256,256,128,128,0.994069,0
002815,256,256,128,128,0.993539,0
002816,256,256,128,128,0.965220,0
002817,256,256,128,128,0.953997,0
002818,256,256,128,128,0.936213,0
002819,256,256,128,128,0.952078,0
002820,256,256,128,128,0.892406,0
002821,256,256,128,128,0.880987,0
002822,256,256,128,128,0.880962,0
002823,256,256,128,128,0.882982,0
002824,256,256,128,128,0.973584,0
002825,256,256,128,128,0.849719,0
002826,256,256,128,128,0.842955,0
002827,256,256,128,128,0.861732,0
002828,256,256,128,128,0.996783,0
002829,256,256,128,128,0.988976,0
002830,256,256,128,128,0.989891,0
002831,256,256,128,128,0.989081,0
002832,256,256,128,128,0.969068,0
002833,256,256,128,128,0.900479,0
002834,256,256,128,128,0.874371,0
002835,256,256,128,128,0.900493,0
002836,256,256,128,128,0.989756,0
002837,256,256,128,128,0.998910,0
002838,256,256,128,128,0.998913,0
002839,256,256,128,128,0.999080,0
002840,256,256,128,128,0.973116,0
002841,256,256,128,128,0.986579,0
002842,256,256,128,128,0.986462,0
002843,256,256,128,128,0.985471,0
002844,256,256,128,128,0.973217,0
002845,256,256,128,128,0.975301,0
002846,256,256,128,128,0.968004,0
002847,256,256,128,128,0.977135,0
002848,256,256,128,128,0.994423,0
002849,256,256,128,128,0.998536,0
002850,256,256,128,128,0.998368,0
002851,256,256,128,128,0.998572,0
002852,256,256,128,128,0.801788,0
002853,256,256,128,128,0.848147,0
002854,256,256,128,128,0.842470,0
002855,256,256,128,128,0.839774,0
002856,256,256,128,128,0.973644,0
002857,256,256,128,128,0.998700,0
002858,256,256,128,128,0.998814,0
002859,256,256,128,128,0.998494,0
002860,256,256,128,128,0.964569,0
002861,256,256,128,128,0.910488,0
002862,256,256,128,128,0.900371,0
002863,256,256,128,128,0.903127,0
002864,256,256,128,128,0.958368,0
002865,256,256,128,128,0.948114,0
002866,256,256,128,128,0.950032,0
002867,256,256,128,128,0.945151,0
002868,256,256,128,128,0.973536,0
002869,256,256,128,128,0.997823,0
002870,256,256,128,128,0.997325,0
002871,256,256,128,128,0.997358,0
002872,256,256,128,128,0.991462,0
002873,256,256,128,128,0.936337,0
002874,256,256,128,128,0.941582,0
002875,256,256,128,128,0.951593,0
002876,256,256,128,128,0.940428,0
002877,256,256,128,128,0.972335,0
002878,256,256,128,128,0.965073,0
002879,256,256,128,128,0.965068,0
002880,256,256,128,128,0.993447,0
002881,256,256,128,128,0.989034,0
002882,256,256,128,128,0.989316,0
002883,256,256,128,128,0.988137,0
002884,256,256,128,128,0.969128,0
002885,256,256,128,128,0.936383,0
002886,256,256,128,128,0.936646,0
002887,256,256,128,128,0.945991,0
002888,256,256,128,128,0.977174,0
002889,256,256,128,128,0.968643,0
002890,256,256,128,128,0.968626,0
002891,256,256,128,128,0.968619,0
002892,256,256,128,128,0.976295,0
002893,256,256,128,128,0.996158,0
002894,256,256,128,128,0.995469,0
002895,256,256,128,128,0.996253,0
002896,256,256,128,128,0.981445,0
002897,256,256,128,128,0.780020,0
002898,256,256,128,128,0.776866,0
002899,256,256,128,128,0.758239,0
002900,256,256,128,128,0.927363,0
002901,256,256,128,128,0.915411,0
002902,256,256,128,128,0.922020,0
002903,256,256,128,128,0.912574,0
002904,256,256,128,128,0.977019,0
002905,256,256,128,128,0.913857,0
002906,256,256,128,128,0.924466,0
002907,256,256,128,128,0.918588,0
002908,256,256,128,128,0.944650,0
002909,256,256,128,128,0.948397,0
002910,256,256,128,128,0.944201,0
002911,256,256,128,128,0.948741,0
002912,256,256,128,128,0.980817,0
002913,256,256,128,128,0.988081,0
002914,256,256,128,128,0.990557,0
002915,256,256,128,128,0.986754,0
002916,256,256,128,128,0.974016,0
002917,256,256,128,128,0.990186,0
002918,256,256,128,128,0.991200,0
002919,256,256,128,128,0.987608,0
002920,256,256,128,128,0.800445,0
002921,256,256,128,128,0.980597,0
002922,256,256,128,128,0.983700,0
002923,256,256,128,128,0.984643,0
002924,256,256,128,128,0.907703,0
002925,256,256,128,128,0.755236,0
002926,256,256,128,128,0.794435,0
002927,256,256,128,128,0.784053,0
002928,256,256,128,128,0.901939,0
002929,256,256,128,128,0.860680,0
002930,256,256,128,128,0.856670,0
002931,256,256,128,128,0.860623,0
002932,256,256,128,128,0.984208,0
002933,256,256,128,128,0.986707,0
002934,256,256,128,128,0.986007,0
002935,256,256,128,128,0.986156,0
002936,256,256,128,128,0.984002,0
002937,256,256,128,128,0.986177,0
002938,256,256,128,128,0.987503,0
002939,256,256,128,128,0.987256,0
002940,256,256,128,128,0.946967,0
002941,256,256,128,128,0.980653,0
002942,256,256,128,128,0.982542,0
002943,256,256,128,128,0.980159,0
002944,256,256,128,128,0.922253,0
002945,256,256,128,128,0.891824,0
002946,256,256,128,128,0.897230,0
002947,256,256,128,128,0.891601,0
002948,256,256,128,128,0.939121,0
002949,256,256,128,128,0.926349,0
002950,256,256,128,128,0.902803,0
002951,256,256,128,128,0.902474,0
002952,256,256,128,128,0.977724,0
002953,256,256,128,128,0.989825,0
002954,256,256,128,128,0.986790,0
002955,256,256,128,128,0.986511,0
002956,256,256,128,128,0.980391,0
002957,256,256,128,128,0.952043,0
002958,256,256,128,128,0.963285,0
002959,256,256,128,128,0.964117,0
002960,256,256,128,128,0.925564,0
002961,256,256,128,128,0.986135,0
002962,256,256,128,128,0.986110,0
002963,256,256,128,128,0.986897,0
002964,256,256,128,128,0.924470,0
002965,256,256,128,128,0.979944,0
002966,256,256,128,128,0.973430,0
002967,256,256,128,128,0.972823,0
002968,256,256,128,128,0.863279,0
002969,256,256,128,128,0.997658,0
002970,256,256,128,128,0.997305,0
002971,256,256,128,128,0.997228,0
002972,256,256,128,128,0.996461,0
002973,256,256,128,128,-0.000141,1
002974,256,256,128,128,-0.003324,1
002975,256,256,128,128,0.002460,1
002976,256,256,128,128,0.921233,0
002977,256,256,128,128,0.847392,0
002978,256,256,128,128,0.900748,0
002979,256,256,128,128,0.868937,0
002980,256,256,128,128,0.953610,0
002981,256,256,128,128,-0.009145,1
002982,256,256,128,128,-0.007238,1
002983,256,256,128,128,-0.002975,1
002984,256,256,128,128,0.967987,0
002985,256,256,128,128,0.779561,0
002986,256,256,128,128,0.882788,0
002987,256,256,128,128,0.778511,0
002988,256,256,128,128,0.934833,0
002989,256,256,128,128,0.964183,0
002990,256,256,128,128,0.975025,0
002991,256,256,128,128,0.965744,0
002992,256,256,128,128,0.909611,0
002993,256,256,128,128,0.936998,0
002994,256,256,128,128,0.934610,0
002995,256,256,128,128,0.932236,0
002996,256,256,128,128,0.991229,0
002997,256,256,128,128,0.958710,0
002998,256,256,128,128,0.955181,0
002999,256,256,128,128,0.955645,0
003000,256,256,128,128,0.938887,0
003001,256,256,128,128,0.963922,0
003002,256,256,128,128,0.965863,0
003003,256,256,128,128,0.959406,0
003004,256,256,128,128,0.900798,0
003005,256,256,128,128,0.931118,0
003006,256,256,128,128,0.920222,0
003007,256,256,128,128,0.942116,0
003008,256,256,128,128,0.967054,0
003009,256,256,128,128,0.896148,0
003010,256,256,128,128,0.895730,0
003011,256,256,128,128,0.886201,0
003012,256,256,128,128,0.925148,0
003013,256,256,128,128,0.978191,0
003014,256,256,128,128,0.978276,0
003015,256,256,128,128,0.978237,0
003016,256,256,128,128,0.892018,0
003017,256,256,128,128,0.960329,0
003018,256,256,128,128,0.957243,0
003019,256,256,128,128,0.957797,0
003020,256,256,128,128,0.902504,0
003021,256,256,128,128,0.803165,0
003022,256,256,128,128,0.803973,0
003023,256,256,128,128,0.829774,0
003024,256,256,128,128,0.986829,0
003025,256,256,128,128,0.971722,0
003026,256,256,128,128,0.971268,0
003027,256,256,128,128,0.971228,0
003028,256,256,128,128,0.955927,0
003029,256,256,128,128,0.681606,0
003030,256,256,128,128,0.679368,0
003031,256,256,128,128,0.692927,0
003032,256,256,128,128,0.965221,0
003033,256,256,128,128,0.963113,0
003034,256,256,128,128,0.963027,0
003035,256,256,128,128,0.964952,0
003036,256,256,128,128,0.833280,0
003037,256,256,128,128,0.945011,0
003038,256,256,128,128,0.941739,0
003039,256,256,128,128,0.941353,0
003040,256,256,128,128,0.689056,0
003041,256,256,128,128,0.923701,0
003042,256,256,128,128,0.924039,0
003043,256,256,128,128,0.909998,0
003044,256,256,128,128,0.524819,0
003045,256,256,128,128,0.971871,0
003046,256,256,128,128,0.982699,0
003047,256,256,128,128,0.975202,0
003048,256,256,128,128,0.969379,0
003049,256,256,128,128,0.991948,0
003050,256,256,128,128,0.986809,0
003051,256,256,128,128,0.970990,0
003052,256,256,128,128,0.896835,0
003053,256,256,128,128,0.977510,0
003054,256,256,128,128,0.977547,0
003055,256,256,128,128,0.978080,0
003056,256,256,128,128,0.922144,0
003057,256,256,128,128,0.878365,0
003058,256,256,128,128,0.884750,0
003059,256,256,128,128,0.873884,0
003060,256,256,128,128,0.891188,0
003061,256,256,128,128,0.996547,0
003062,256,256,128,128,0.996308,0
003063,256,256,128,128,0.996682,0
003064,256,256,128,128,0.944959,0
003065,256,256,128,128,0.950770,0
003066,256,256,128,128,0.958885,0
003067,256,256,128,128,0.963755,0
003068,256,256,128,128,0.962372,0
003069,256,256,128,128,0.529063,0
003070,256,256,128,128,0.714178,0
003071,256,256,128,128,0.737819,0
003072,256,256,128,128,0.882476,0
003073,256,256,128,128,0.984537,0
003074,256,256,128,128,0.983334,0
003075,256,256,128,128,0.981443,0
003076,256,256,128,128,0.979247,0
003077,256,256,128,128,0.986928,0
003078,256,256,128,128,0.989239,0
003079,256,256,128,128,0.986312,0
003080,256,256,128,128,0.988493,0
003081,256,256,128,128,0.984201,0
003082,256,256,128,128,0.979771,0
003083,256,256,128,128,0.978778,0
003084,256,256,128,128,0.898966,0
003085,256,256,128,128,0.913056,0
003086,256,256,128,128,0.933555,0
003087,256,256,128,128,0.945606,0
003088,256,256,128,128,0.898277,0
003089,256,256,128,128,0.925245,0
003090,256,256,128,128,0.926577,0
003091,256,256,128,128,0.917541,0
003092,256,256,128,128,0.968266,0
003093,256,256,128,128,0.843857,0
003094,256,256,128,128,0.853394,0
003095,256,256,128,128,0.853333,0
003096,256,256,128,128,0.923215,0
003097,256,256,128,128,0.959511,0
003098,256,256,128,128,0.951005,0
003099,256,256,128,128,0.960979,0
003100,256,256,128,128,0.834390,0
003101,256,256,128,128,0.779522,0
003102,256,256,128,128,0.746909,0
003103,256,256,128,128,0.777145,0
003104,256,256,128,128,0.979264,0
003105,256,256,128,128,0.983752,0
003106,256,256,128,128,0.985264,0
003107,256,256,128,128,0.981104,0
003108,256,256,128,128,0.983712,0
003109,256,256,128,128,0.988395,0
003110,256,256,128,128,0.988396,0
003111,256,256,128,128,0.989422,0
003112,256,256,128,128,0.968326,0
003113,256,256,128,128,0.942115,0
003114,256,256,128,128,0.947413,0
003115,256,256,128,128,0.942565,0
003116,256,256,128,128,0.988745,0
003117,256,256,128,128,0.978968,0
003118,256,256,128,128,0.982571,0
003119,256,256,128,128,0.975141,0
003120,256,256,128,128,0.997007,0
003121,256,256,128,128,0.962036,0
003122,256,256,128,128,0.939102,0
003123,256,256,128,128,0.954245,0
003124,256,256,128,128,0.997628,0
003125,256,256,128,128,0.998104,0
003126,256,256,128,128,0.998118,0
003127,256,256,128,128,0.997867,0
003128,256,256,128,128,0.972556,0
003129,256,256,128,128,0.928050,0
003130,256,256,128,128,0.926956,0
003131,256,256,128,128,0.981862,0
003132,256,256,128,128,0.921059,0
003133,256,256,128,128,0.972528,0
003134,256,256,128,128,0.973763,0
003135,256,256,128,128,0.972919,0
003136,256,256,128,128,0.790316,0
003137,256,256,128,128,0.714680,0
003138,256,256,128,128,0.750491,0
003139,256,256,128,128,0.762894,0
003140,256,256,128,128,0.993060,0
003141,256,256,128,128,0.993148,0
003142,256,256,128,128,0.994279,0
003143,256,256,128,128,0.995380,0
003144,256,256,128,128,0.991959,0
003145,256,256,128,128,0.812981,0
003146,256,256,128,128,0.813653,0
003147,256,256,128,128,0.813675,0
003148,256,256,128,128,0.980667,0
003149,256,256,128,128,0.992567,0
003150,256,256,128,128,0.994541,0
003151,256,256,128,128,0.993276,0
003152,256,256,128,128,0.969988,0
003153,256,256,128,128,0.975472,0
003154,256,256,128,128,0.975930,0
003155,256,256,128,128,0.976367,0
003156,256,256,128,128,0.801190,0
003157,256,256,128,128,0.966399,0
003158,256,256,128,128,0.966881,0
003159,256,256,128,128,0.966631,0
003160,256,256,128,128,0.959868,0
003161,256,256,128,128,0.941959,0
003162,256,256,128,128,0.870928,0
003163,256,256,128,128,0.901918,0
003164,256,256,128,128,0.983004,0
003165,256,256,128,128,0.984016,0
003166,256,256,128,128,0.983990,0
003167,256,256,128,128,0.983613,0
003168,256,256,128,128,0.993156,0
003169,256,256,128,128,0.965277,0
003170,256,256,128,128,0.960838,0
003171,256,256,128,128,0.976825,0
003172,256,256,128,128,0.979770,0
003173,256,256,128,128,0.962387,0
003174,256,256,128,128,0.953967,0
003175,256,256,128,128,0.950845,0
003176,256,256,128,128,0.838251,0
003177,256,256,128,128,0.921129,0
003178,256,256,128,128,0.919659,0
003179,256,256,128,128,0.908303,0
003180,256,256,128,128,0.997816,0
003181,256,256,128,128,0.905034,0
003182,256,256,128,128,0.894652,0
003183,256,256,128,128,0.908469,0
003184,256,256,128,128,0.920038,0
003185,256,256,128,128,0.927013,0
003186,256,256,128,128,0.927343,0
003187,256,256,128,128,0.928557,0
003188,256,256,128,128,0.982057,0
003189,256,256,128,128,0.790099,0
003190,256,256,128,128,0.740733,0
003191,256,256,128,128,0.773816,0
003192,256,256,128,128,0.977958,0
003193,256,256,128,128,0.990597,0
003194,256,256,128,128,0.989335,0
003195,256,256,128,128,0.990101,0
003196,256,256,128,128,0.964937,0
003197,256,256,128,128,0.914911,0
003198,256,256,128,128,0.899239,0
003199,256,256,128,128,0.918000,0
